tid,danceability,energy,key,loudness,mode,speechiness,acousticness,instrumentalness,liveness,valence,tempo,label
4SFBV7SRNG2e2kyL1F6kjU,0.221,0.126,0,-25.427,1,0.0447,0.989,0.897,0.102,0.216,133.63,0
2kAgCRZPG3YQR2VMqRvLmb,0.0811,0.0122,4,-32.654,0,0.0511,0.902,0.308,0.0648,0.0384,74.554,0
1upQiytDIEZfl9ItruoXuC,0.204,0.0331,2,-24.044,0,0.0487,0.927,0.825,0.0954,0.0547,116.2,0
0H2VhGUC3P3hvwz8rdGIpC,0.23,0.0487,5,-27.675,1,0.0412,0.986,0.945,0.0679,0.101,134.839,0
419qlOGNXoyICx4jO0hqaj,0.205,0.0525,1,-23.841,1,0.0327,0.98,0.906,0.103,0.0511,88.316,0
5pjDwtMPly0cNMbuGXhUOI,0.148,0.0722,4,-25.217,0,0.0427,0.944,0.148,0.115,0.0467,87.882,0
0yzhOPf0iw2qWwcXRRta5L,0.309,0.258,9,-15.327,1,0.0459,0.976,0.69,0.0924,0.115,74.568,0
17i5jLpzndlQhbS4SrTd0B,0.275,0.157,7,-18.752,1,0.0636,0.89,0.842,0.186,0.304,73.289,0
6Uk28Hs2MulezLxMrd1rBD,0.205,0.0686,4,-23.415,0,0.0462,0.873,0.402,0.0909,0.0359,90.779,0
5fdp9rXfEixCGLM1Og4EN1,0.376,0.00579,5,-31.615,0,0.0576,0.996,0.944,0.0882,0.0369,71.827,0
2Z4aQJh0kesRMookvtfR4y,0.303,0.119,9,-18.055,0,0.0386,0.975,0.88,0.112,0.038,94.868,0
1cmigB9I6IRpFqjIbzvSQB,0.335,0.00501,1,-33.366,1,0.0451,0.993,0.919,0.0618,0.0383,132.085,0
0pCHzhuRt6kOU3FUEG3HnC,0.371,0.131,2,-23.899,1,0.0413,0.898,0.925,0.0847,0.0655,105.328,0
2fC30Rt5tFa6FA2jNb4fiz,0.326,0.33,7,-12.967,0,0.0406,0.871,0.749,0.128,0.293,118.668,0
0cqcRqZgkNHanWQ8slYA0v,0.0783,0.0523,5,-23.247,1,0.0471,0.896,0.945,0.0806,0.0327,82.015,0
2MSgFefjK0T7Iwjvr3OKqV,0.225,0.0047,1,-30.928,0,0.0509,0.992,0.881,0.0722,0.186,163.665,0
46tPGzCXCI2oKsemztDA9u,0.193,0.0656,10,-19.239,1,0.0471,0.995,0.829,0.119,0.0359,128.975,0
3QqPgzOcv9titKufFR0gsQ,0.353,0.254,0,-16.205,1,0.0349,0.948,0.859,0.0843,0.0986,133.808,0
0dzl6bBvsIAfHLlTbBObTW,0.233,0.0252,2,-24.824,1,0.0346,0.975,0.604,0.143,0.0936,94.736,0
5x3TUfYzgZIdt0Kaop64ss,0.13,0.158,2,-16.132,1,0.035,0.748,0.924,0.1,0.0998,85.031,0
4rrrn8OLrttq7r9RgNXalU,0.194,0.0545,4,-24.877,1,0.0366,0.983,0.945,0.0551,0.0385,140.966,0
63cA2QfqtWZa0GGPZnYc0K,0.0999,0.0241,2,-25.651,1,0.0432,0.98,0.766,0.0623,0.0396,89.001,0
6cUCckpdlqHJ5Ascf2uH2A,0.248,0.298,0,-15.661,0,0.0395,0.957,0.9,0.0943,0.157,97.853,0
0k6P9cdEA9K3k0ASde2Kof,0.253,0.098,11,-19.878,0,0.0437,0.93,0.862,0.122,0.062,84.865,0
246ntJR3A2s7B5E40FTCLf,0.496,0.249,3,-18.131,1,0.0411,0.98,0.934,0.12,0.719,144.239,0
3MRQn2RYo2VLYMoStnLRxu,0.491,0.0176,4,-26.911,0,0.0644,0.994,0.927,0.0985,0.0901,125.793,0
0jOnZhF75V68VsBObWx2XO,0.169,0.0161,9,-31.034,0,0.0442,0.986,0.86,0.0805,0.0573,128.143,0
74WjYdm3Lvbwnds4thYPUU,0.212,0.301,2,-12.505,1,0.0384,0.963,0.0033,0.13,0.0798,84.025,0
2OHnoGjn6X6kDwzO7Rw0Y9,0.351,0.206,1,-22.657,1,0.0597,0.797,0.255,0.0738,0.0839,130.415,0
294IzNQIRp4soeVaQhows7,0.223,0.165,10,-16.394,1,0.0504,0.984,0.95,0.348,0.0518,73.463,0
0QTaXZRWdzfPdssiQThdCL,0.312,0.0465,9,-26.438,0,0.0378,0.981,0.9,0.0872,0.0371,130.303,0
7h6GoPvGHC9uzZJ8bNvfIq,0.0753,0.07,2,-27.272,1,0.044,0.918,0.947,0.146,0.0625,79.801,0
52GmHO5DikTIKc3yBmTTT1,0.1,0.0354,11,-17.211,0,0.0387,0.901,0.865,0.125,0.0426,73.968,0
1Xy6MHSaX3IUGGqst6RzYM,0.212,0.119,1,-20.511,1,0.0366,0.976,0.907,0.087,0.0396,84.346,0
2Y95aUjHiOtgL8A6t52Ynl,0.244,0.0021,1,-41.044,0,0.0417,0.995,0.86,0.161,0.187,64.364,0
7MdenBcztjoBdJUvFxBFeX,0.298,0.346,3,-15.465,1,0.0416,0.824,0.694,0.295,0.482,78.989,0
3af6PvJHP8XlFMWeuN7bF8,0.113,0.161,7,-20.046,1,0.0442,0.484,0.928,0.16,0.0365,65.062,0
2u9VGZmVz7Rm01SfDgzcfA,0.279,0.0292,8,-26.804,1,0.0406,0.987,0.902,0.104,0.0338,136.732,0
0S0YKiEdR9cT9pYgEaTevF,0.0623,0.0116,2,-27.893,1,0.0567,0.991,0.445,0.0816,0.0331,65.057,0
04eShjKTWijeJJqGnhxpYK,0.151,0.0639,11,-24.404,0,0.0439,0.962,0.603,0.466,0.0797,61.577,0
1CSaCKPIp2yCIDL3t7Fyau,0.102,0.0733,10,-24.133,0,0.0488,0.974,0.859,0.28,0.0308,73.954,0
1ENZ1YHuOp5MMFJlWBQ6V7,0.31,0.0555,7,-25.695,1,0.0395,0.994,0.906,0.121,0.566,70.515,0
4Dcm4KMuDz0l01weeSpD4J,0.292,0.246,2,-14.96,1,0.0385,0.922,0.525,0.107,0.0859,109.766,0
4maWRmE0OaHvF245FtrjDD,0.128,0.0386,0,-23.759,1,0.0434,0.991,0.94,0.104,0.0359,75.081,0
7HSs4srn1qnZhh7WRWBVOk,0.209,0.101,0,-19.383,1,0.0403,0.927,0.9,0.0776,0.153,85.851,0
1YiBEdXvyWL9rupB3Cg4IQ,0.398,0.373,1,-14.065,1,0.0524,0.889,0.193,0.121,0.61,106.688,0
0xX7kREWmOGBWzYNcpZwRN,0.25,0.135,9,-18.615,1,0.0488,0.958,0.0349,0.0477,0.179,94.404,0
54CAG8n70kKVbFV6l1zF4G,0.295,0.408,4,-16.632,0,0.0693,0.804,0.148,0.165,0.164,150.454,0
2nVt0n0aSj3AwZjakMvDHX,0.165,0.106,8,-21.742,1,0.039,0.807,0.782,0.105,0.0336,105.651,0
4wudbbceOZKjRlhTtbHvAs,0.176,0.006,5,-42.238,1,0.0384,0.899,3.24e-05,0.105,0.0383,71.477,0
5xbuJuQsTVheVZvX2AJVIv,0.701,0.341,1,-12.26,0,0.0418,0.499,0.903,0.359,0.163,105.513,0
4QfYHdV8hMoyS9qKUct98q,0.115,0.0422,8,-24.137,1,0.0404,0.966,0.919,0.0896,0.037,87.855,0
1Oo7XEqkrwifJn17aA0ocF,0.299,0.00626,9,-30.923,1,0.0478,0.994,0.901,0.0823,0.0634,69.043,0
3GecLjGMqzjmgkvy2v41Wf,0.341,0.0142,2,-28.293,1,0.0388,0.993,0.921,0.113,0.0384,76.382,0
5Zf5prtvv7KRQ1J6kNn4C6,0.191,0.0363,3,-25.31,1,0.0409,0.991,0.924,0.141,0.0372,69.754,0
4dGkPPLnIdVgogqpyaAjbc,0.322,0.14,4,-20.747,1,0.0489,0.906,0.759,0.125,0.285,92.122,0
3VQ7hwiEfaHDl3AySgyaiR,0.436,0.151,11,-20.745,0,0.0603,0.955,0.793,0.11,0.359,103.777,0
6cC6h5E351deEGFd7Kh9uy,0.465,0.128,9,-17.628,0,0.0519,0.978,0.271,0.0423,0.428,111.471,0
3NbAsIxDL0fVgNuCLD152P,0.37,0.0076,4,-33.663,1,0.0384,0.995,0.91,0.0864,0.278,62.668,0
2TZbQZXOuR8osP2AK8yYMN,0.144,0.132,10,-19.115,1,0.0333,0.946,0.779,0.115,0.0627,102.283,0
4fDodwdZ1LBDL2I2WCnUMY,0.458,0.11,9,-22.234,0,0.0309,0.977,0.903,0.359,0.481,83.43,0
2ceu417OdiSxzR3K7B1n2M,0.224,0.0291,7,-26.167,1,0.0455,0.959,0.845,0.106,0.0538,121.131,0
1MiWGSGDC5mGoP3MNclZ7s,0.101,0.0241,11,-30.172,0,0.0485,0.947,0.847,0.0693,0.0329,87.14,0
0XSRBlP49MgzBCYtGK2NYE,0.223,0.227,0,-17.695,1,0.0343,0.871,0.891,0.063,0.127,103.618,0
72jIJDADnBLJKXV2yxv5N0,0.352,0.235,2,-16.235,1,0.0398,0.894,0.675,0.396,0.329,109.16,0
43bSKCMWHIuBsUVmQcDX1J,0.296,0.00896,7,-31.948,0,0.0394,0.994,0.91,0.0815,0.0673,69.44,0
42gZM6AQ9BDMaTyTmMDVlN,0.142,0.113,2,-25.362,0,0.0415,0.859,0.838,0.107,0.0697,98.575,0
64ZxBE1ZgK4C0lGljXzDcG,0.48,0.163,5,-19.117,0,0.0645,0.81,0.754,0.093,0.212,158.366,0
0w4LgJ5G1Xz5jLS3HX8oyq,0.218,0.117,0,-18.585,1,0.0489,0.94,0.861,0.15,0.0599,77.009,0
5i7bLnNE0R3m1MNUY7UsqT,0.377,0.173,9,-21.377,1,0.0329,0.991,0.909,0.103,0.558,132.187,0
6VDHdry8ytOL2WWbePDxSD,0.116,0.0694,0,-23.624,1,0.0497,0.969,0.644,0.109,0.0377,169.789,0
6kg7bfwsTKzRqnBGGv4VqR,0.193,0.0839,8,-22.849,1,0.0406,0.971,0.822,0.118,0.0569,85.556,0
7uf3aFC1msj0t5cYImgOWy,0.241,0.122,7,-22.411,1,0.0497,0.925,0.66,0.126,0.187,66.325,0
0oIQl9tFpCiKBRavEIIGzo,0.164,0.0194,3,-34.126,1,0.0434,0.938,0.859,0.0939,0.0581,101.708,0
1aTpzY2ggWHhPi8p2f56u1,0.436,0.00518,7,-36.593,1,0.067,0.995,0.932,0.0788,0.275,135.286,0
5DFUsGW4Cmltv8Spd0u1aV,0.0891,0.341,10,-12.681,0,0.046,0.145,0.836,0.111,0.0334,85.231,0
4GnVpbnWjHFrpXjAcPHvqM,0.12,0.138,10,-15.538,1,0.048,0.994,0.686,0.11,0.043,67.894,0
7vJhOBgOkXyEJvw1vsU6HB,0.156,0.0978,5,-16.326,1,0.0371,0.976,0.893,0.0854,0.0638,179.447,0
6HknRM996YMa7VSBFYlnPJ,0.177,0.127,8,-19.167,1,0.0394,0.903,0.901,0.114,0.0612,149.698,0
0mcgXc8P5GyGtP9aY7zir6,0.367,0.316,9,-14.49,0,0.0429,0.927,0.779,0.113,0.242,149.089,0
1dFVnX4mJTnWubAPE8S3OR,0.356,0.152,4,-20.155,1,0.0406,0.981,0.903,0.0807,0.04,132.413,0
5bVlEvO3SadcOyh6rnWW4P,0.339,0.0588,10,-17.647,0,0.0373,0.984,0.862,0.12,0.198,105.916,0
5d6FOGCa0EDqCJSpccEh8s,0.359,0.046,6,-18.725,0,0.0407,0.901,0.118,0.277,0.263,127.653,0
76wXMaJVSr0nSsKsSdwAiu,0.166,0.0363,11,-26.822,1,0.0381,0.978,0.922,0.0882,0.039,84.467,0
7xGcLLeK1de0I71lH28DeM,0.144,0.0868,8,-23.338,1,0.0387,0.891,0.904,0.177,0.0737,94.463,0
5CfxpBCYwfB17MMgARumHl,0.0754,0.0102,4,-35.69,1,0.0464,0.901,0.106,0.0817,0.0331,81.324,0
7dchPojQcmY6eMBFJAo64i,0.463,0.162,7,-24.484,0,0.045,0.963,0.825,0.0943,0.374,125.514,0
5U7T2widXE5MqoQ6dmi3O9,0.357,0.0464,8,-20.868,1,0.0434,0.992,0.859,0.109,0.0417,69.859,0
3QN7ups1LvVMASAe94yEEx,0.253,0.177,7,-19.525,1,0.0346,0.894,0.573,0.668,0.242,89.052,0
68Faz6Nc9UnWuOz1oC2DEv,0.413,0.135,2,-23.277,1,0.0436,0.994,0.902,0.0823,0.0715,145.802,0
1n8NKQRg8LVHy7oUhUgbFF,0.156,0.162,2,-17.101,0,0.036,0.897,0.691,0.111,0.077,73.407,0
0qFZYO72iBOhW7X6KbL44Q,0.339,0.0937,2,-20.267,1,0.0394,0.931,0.293,0.252,0.458,123.048,0
2dEbRirkEtImY7HdYxrgRS,0.0716,0.0408,7,-28.284,1,0.0399,0.851,0.901,0.0844,0.0377,77.047,0
58Q96yWnuBqlKEGd2vGyAg,0.24,0.0648,4,-25.208,0,0.0426,0.935,0.0272,0.258,0.0771,95.286,0
6vS8JCT9WqTFeAuu8smjRF,0.186,0.124,1,-15.271,1,0.0434,0.978,0.865,0.111,0.248,77.903,0
2sTUcyPMXztxu2Y1DuxDZx,0.161,0.0144,6,-30.883,1,0.0365,0.986,0.117,0.0836,0.0336,82.646,0
6zcP5A5Xv6bvCUpwXrswKa,0.203,0.112,11,-18.029,0,0.0418,0.936,0.935,0.126,0.0374,72.483,0
3jLcwFns5S9OYQojN8XAkJ,0.154,0.00261,1,-36.267,1,0.0419,0.89,0.763,0.125,0.0366,83.549,0
3pzBD8BVdrv7VJ7glRYshl,0.364,0.0592,2,-21.757,1,0.057,0.978,0,0.0823,0.185,123.789,0
3uLsZpdHrJsR9AjrrxMI66,0.169,0.0974,3,-21.414,1,0.042,0.864,0.632,0.087,0.0524,170.379,0
7hyq9VKysg8g1L5R0y41dt,0.0921,0.0183,7,-31.858,1,0.0513,0.942,0.94,0.195,0.039,166.979,0
6iRcn4yPiXhcEBEM7OUaNt,0.0982,0.0575,6,-24.448,0,0.0454,0.984,0.904,0.122,0.0392,70.041,0
2m2GJpBjQNNphaCgBeoj7R,0.324,0.0186,2,-28.248,1,0.0476,0.99,0.934,0.105,0.126,85.297,0
2aaziYHebMJ35UZ0TlKE8w,0.202,0.248,10,-17.165,1,0.0474,0.904,0.468,0.129,0.0469,129.282,0
3yeEHZQ3ubZ0hYjbq6VpW7,0.0807,0.0114,0,-20.451,1,0.0461,0.824,0.69,0.1,0.0556,79.737,0
5bhbv1xIbk0SbfQ2MEXe8F,0.222,0.0456,10,-20.891,0,0.0385,0.993,0.964,0.231,0.0881,128.662,0
2WfTVYdHjDvFaaVLGN1wEO,0.388,0.00606,7,-32.454,1,0.0432,0.993,0.947,0.0974,0.251,67.033,0
4ju98rvX917EwXLKLnRbQ2,0.126,0.0159,4,-34.595,1,0.0401,0.976,0.949,0.0863,0.0373,74.02,0
4l5zWNPyET6PqBhxQEyKgt,0.286,0.0028,8,-37.427,1,0.0462,0.995,0.912,0.127,0.123,67.505,0
66EQLGUGxCKXzuLj1Zkt1E,0.192,0.0231,9,-28.434,0,0.0464,0.984,0.558,0.0776,0.04,70.368,0
6t7lMFHSifu9j8NPMNCv9T,0.0891,0.0894,2,-25.653,1,0.042,0.936,0.748,0.416,0.0728,80.828,0
0DG5cVgVt7821x2rAv0ny2,0.38,0.00402,2,-34.344,0,0.0446,0.995,0.899,0.0726,0.0597,128.238,0
6y1FgcqMY76hCk9qLxUuy4,0.141,0.00268,2,-37.571,0,0.0427,0.945,0.601,0.0756,0.0386,140.372,0
4BrX9il0kSbL8xtlHjQbpP,0.206,0.19,8,-15.396,1,0.0384,0.974,0.808,0.131,0.0368,79.811,0
4SsDrt7HV1ECcJ2A7EHfLL,0.213,0.0377,10,-33.06,1,0.0475,0.986,0.869,0.139,0.0973,165.763,0
42LRjYQYJeogQINxQo0BcJ,0.206,0.0127,2,-33.265,1,0.0406,0.957,0.856,0.089,0.165,56.658,0
6XmozAAnvBf2VtLL53AkX0,0.299,0.0264,9,-26.535,0,0.0469,0.995,0.882,0.073,0.235,168.963,0
5D8jilwsJ5DovqzHonxitk,0.23,0.0498,4,-25.462,1,0.0462,0.969,0.269,0.12,0.0693,124.553,0
1tnxups7Vr7wKjwCtzfhT8,0.172,0.014,1,-27.988,1,0.0425,0.981,0.902,0.0735,0.0348,144.414,0
3pQCRKRbApGrjEpj1r4BKA,0.102,0.0842,10,-25.542,1,0.045,0.972,0.796,0.349,0.139,171.882,0
5X5x6oRSCHtHEz28ncMVd5,0.0748,0.0442,0,-19.183,1,0.0426,0.957,0.94,0.116,0.0369,79.092,0
1G3QPQkoXvpChjNUhd6Tfs,0.415,0.026,1,-36.7,1,0.0496,0.995,0.938,0.107,0.268,136.191,0
1AKdBq4wtJKU9DhQpekvtc,0.425,0.0363,1,-21.629,0,0.0686,0.991,0.00109,0.25,0.745,78.991,0
7nGA1sRfLDWXYb3VPstnZf,0.0979,0.0801,8,-19.643,1,0.0458,0.941,0.431,0.115,0.0608,75.314,0
4o7Cql3n8VEsFPk7uVcdYb,0.253,0.00429,7,-36.172,0,0.0523,0.99,0.912,0.103,0.0368,74.497,0
6fgKNrXXH6nvortduBBbaD,0.304,0.00994,9,-30.258,0,0.0353,0.838,0.834,0.103,0.164,69.802,0
3OueD83BFjh2lCyhuEpXVF,0.0967,0.00433,6,-37.71,1,0.0338,0.988,0.307,0.0637,0.0358,76.726,0
752Lx7hhyxDhcigfANv8n8,0.0959,0.00714,5,-36.544,1,0.0427,0.92,0.0281,0.106,0.0532,70.474,0
5SFdpYdc4uDqkQqW7UzSqB,0.389,0.0187,9,-30.859,0,0.0444,0.995,0.903,0.0864,0.294,135.595,0
6pV1dGidc6DvzjKhbMqgDa,0.224,0.116,9,-25.714,1,0.0618,0.986,0.921,0.505,0.0904,75.412,0
2eSVQH8lwcrUBs7dpEj7p7,0.3,0.0405,8,-31.023,1,0.0449,0.992,0.948,0.138,0.233,63.821,0
2fbrAyrmSQzbDaUTWb668R,0.45,0.0031,5,-24.947,1,0.0586,0.994,0.934,0.0787,0.0582,70.53,0
06emSBtL6jcUXcjVlayUHl,0.168,0.00571,8,-36.245,1,0.0404,0.995,0.92,0.068,0.0705,78.043,0
7xUMMOKO7UrqKa7x4XqaKa,0.0754,0.102,5,-24.6,1,0.0483,0.783,0.906,0.0997,0.0359,79.594,0
0ehvSWC15JKhz5us5aOBjL,0.128,0.0194,4,-24.941,1,0.0388,0.99,0.946,0.069,0.09,75.818,0
6JPzlzHHdqIdmu28qBHdGF,0.302,0.00448,6,-31.704,1,0.0463,0.995,0.84,0.045,0.0452,71.056,0
518hKWxnCK1L1fsYRl0OB5,0.186,0.0639,5,-23.374,0,0.0456,0.989,0.917,0.0953,0.0463,102.639,0
7rrDSYbroZhV6aKkbYxiuG,0.404,0.0151,5,-35.799,1,0.0652,0.996,0.916,0.0946,0.282,134.935,0
0WzetzBykY3fl41dEJjoYa,0.337,0.0111,0,-27.273,1,0.0456,0.991,0.958,0.0886,0.148,75.69,0
3zrcDZ9hPNkZuq20pxPb9o,0.152,0.00957,10,-31.787,1,0.039,0.984,0.88,0.0987,0.0742,89.348,0
1jcQ040aWKeiUGJ2IcnFtV,0.349,0.191,0,-16.111,0,0.0463,0.992,0.936,0.132,0.0414,140.422,0
5hJrBqOLUnMXNjDlAX67aP,0.366,0.145,6,-24.892,0,0.0378,0.926,0.483,0.331,0.0749,94.159,0
5T6zZnlmr0Fc1wWCWhUwcy,0.17,0.0223,7,-24.482,1,0.0471,0.865,0.758,0.3,0.1,115.193,0
6v0zFoBkuLjThZCymM9CF3,0.365,0.0893,0,-19.303,1,0.039,0.98,0.91,0.111,0.0961,127.511,0
2EAgTVB2EdsMdqaqOk062L,0.227,0.00482,8,-36.351,1,0.036,0.993,0.912,0.157,0.0731,70.684,0
4a8dR8XKOBOMxUSr8UT58W,0.354,0.0322,2,-27.492,0,0.0435,0.992,0.955,0.104,0.0638,67.872,0
1NechTDnTtSaciAT6gmvJQ,0.238,0.00484,8,-31.76,1,0.0393,0.995,0.95,0.121,0.0394,70.821,0
4bFdyisLdkeS7tmbAWpl13,0.217,0.0282,0,-28.351,0,0.0352,0.991,0.877,0.107,0.167,74.426,0
3C8Xxgad3ejXfJ0RiJq9G1,0.171,0.00926,7,-31.675,0,0.044,0.993,0.946,0.128,0.0399,116.418,0
5WEmDvDiRpE7p3y8SMMAPJ,0.146,0.019,0,-31.365,1,0.0476,0.92,0.878,0.0864,0.0492,81.526,0
0OG8MAiXcyIZd4Ol92zmk7,0.429,0.0234,6,-29.753,1,0.0489,0.995,0.957,0.0962,0.0751,116.163,0
5KIOfWtUEKrxDNi4OnIpg2,0.395,0.0826,5,-18.982,0,0.0432,0.995,0.93,0.126,0.119,93.288,0
0TnTf6JpDE2tQoO83zZfD0,0.314,0.00545,0,-33.332,1,0.0595,0.994,0.945,0.0894,0.443,138.548,0
1XJMRdFSgkrmw2cXLJOD0b,0.46,0.00618,6,-28.121,1,0.0481,0.994,0.89,0.0896,0.086,67.12,0
08MQI93SDisdfNxF3Ae9Tw,0.145,0.0159,6,-27.8,0,0.0447,0.967,0.0188,0.125,0.0462,78.402,0
1oMtwEc8xjDTNarCsMlI8B,0.102,0.0259,8,-30.196,0,0.0444,0.964,0.864,0.0972,0.0319,90.128,0
12KMREUbKErP77HI7Av6Gq,0.0618,0.00804,5,-36.977,1,0.0472,0.753,0.69,0.12,0.0393,55.481,0
6koKpSfGUDeLrHs1hCPL1P,0.0694,0.00525,3,-35.45,1,0.0482,0.972,0.00751,0.0739,0.036,73.566,0
5bu9A6uphPWg39RC3ZKeku,0.454,0.0139,4,-29.966,0,0.0514,0.995,0.943,0.0736,0.244,130.253,0
6tmzIxHREnZzKSDMm6CNNS,0.13,0.00924,6,-27.853,1,0.0448,0.988,0.909,0.0849,0.0369,77.307,0
6NsZucPvDbyARfXLgTpY9u,0.168,0.475,2,-5.732,1,0.0349,0.911,0.929,0.124,0.0523,98.286,0
1juisCcrVdwoLbDWyVvNrX,0.448,0.0052,4,-36.512,1,0.0564,0.995,0.88,0.0698,0.0398,62.171,0
6GDuB7BvASYD9JePYvOEX1,0.203,0.0641,5,-27.51,1,0.0529,0.972,0.94,0.101,0.0978,73.105,0
722VEAitQPDKYkTe3UDlZK,0.138,0.0509,4,-22.513,1,0.0431,0.941,0.926,0.109,0.0372,87.037,0
0kRB0hhG9KYXiokmqZehwn,0.186,0.183,2,-16.074,1,0.0369,0.925,0.821,0.0926,0.0661,86.283,0
4NqknSuLbtn77F73YzNVBf,0.23,0.0592,7,-23.594,1,0.0445,0.989,0.941,0.0906,0.103,89.965,0
2YarjDYjBJuH63dUIh9OWv,0.194,0.0324,5,-28.215,1,0.0382,0.982,0.961,0.0916,0.0596,144.13,0
5776PanLfe9zLJMhDbMBgW,0.198,0.0899,4,-25.087,1,0.0448,0.949,0.924,0.15,0.0711,111.868,0
2fvBJs9DPL4a48x3tmgCWp,0.281,0.0135,2,-25.266,1,0.0453,0.986,0.904,0.367,0.17,103.0,0
1c6PEv6hW9thHOyVsdYyOX,0.145,0.0959,9,-21.955,1,0.0401,0.962,0.807,0.141,0.0587,102.628,0
4a2qoYY6xINDXtUOBFbJ6d,0.122,0.0182,2,-27.89,1,0.0383,0.967,0.834,0.0735,0.0473,77.59,0
67Qy8Hmw1xES1OLZqK7g4z,0.111,0.378,8,-14.899,1,0.0325,0.837,0.94,0.195,0.1,80.064,0
4ck9QU8ka0Q75w0rgXGHhj,0.0637,0.0655,3,-26.729,0,0.0471,0.989,0.96,0.113,0.0259,65.879,0
0PrAozo6AwJ0Ftatr3CfJt,0.484,0.192,2,-15.378,1,0.0465,0.991,0.908,0.106,0.0559,100.084,0
3IRoeiTnEJ31WKMtcXShX1,0.393,0.0071,3,-31.748,1,0.0571,0.995,0.887,0.104,0.252,71.203,0
5TtmI9sfXw4VXco0PE21mV,0.176,0.0534,10,-27.626,1,0.0406,0.97,0.915,0.29,0.0332,71.673,0
6B0ZlLf0p2s1Lwt3ivAXKy,0.398,0.00209,0,-39.959,1,0.0444,0.996,0.955,0.0813,0.0971,71.461,0
5bpuqZGiFbWyEFpHY8vJrZ,0.065,0.0125,5,-33.135,1,0.0467,0.967,0.00112,0.0756,0.0346,67.995,0
5k4Eagqnz3YKdMLjSSi0DD,0.16,0.0261,9,-33.263,0,0.0517,0.917,0.232,0.113,0.0305,88.549,0
36EnMgx9PmtnzUtmKwI63h,0.354,0.116,4,-28.692,0,0.0399,0.987,0.883,0.124,0.181,82.627,0
3tksAPm7RFbwHCaWt7NtDU,0.188,0.0246,10,-24.9,1,0.0371,0.995,0.84,0.0944,0.071,83.968,0
6IihP5ExawBf9ddqN5fO6k,0.374,0.0368,9,-28.556,0,0.0421,0.988,0.908,0.177,0.122,63.895,0
5epdIHbuEtHLzmCGWMw5RK,0.402,0.146,1,-19.768,0,0.0507,0.987,0.928,0.0967,0.0773,74.011,0
3SAhuaew7Hqkf7UdFGUg57,0.503,0.00705,1,-25.179,1,0.0687,0.995,0.939,0.0957,0.209,130.808,0
2WuYYACpbXgn41VaPN3IYs,0.107,0.0329,0,-29.429,1,0.0389,0.962,0.868,0.0932,0.0377,91.64,0
0HrKa62vpS5FmSLuAA2bnp,0.146,0.0405,5,-22.484,0,0.0406,0.988,0.176,0.104,0.0357,72.507,0
4wlNPczIullwvmwb4x0ltz,0.311,0.0253,2,-30.561,1,0.04,0.976,0.897,0.123,0.251,116.816,0
5WpGVggkaT3phJEwrVG3EC,0.116,0.0127,5,-31.623,1,0.0638,0.954,0.95,0.0969,0.0357,65.44,0
44q3YAjsga0wqkf1FgaKWu,0.362,0.00741,10,-31.873,1,0.0418,0.991,0.918,0.0824,0.0412,98.545,0
67t8oxxVA0TB5LrKTY0vtq,0.359,0.0246,8,-28.776,1,0.046,0.983,0.746,0.11,0.0968,111.53,0
3yNHtmi0SbMzzdwVrFg98i,0.0994,0.121,7,-17.763,1,0.0433,0.793,0.827,0.335,0.0378,89.428,0
3FNX30Vi6mtTq9nUUzndLz,0.162,0.0669,5,-21.458,1,0.0448,0.943,0.607,0.131,0.04,81.937,0
5mRrklQD0rvuN6sV10HfPn,0.326,0.0993,7,-22.496,1,0.072,0.988,0.916,0.108,0.417,137.274,0
6FYKa4W0px93kMLCER3xuw,0.214,0.128,2,-19.714,1,0.0458,0.781,0.675,0.122,0.0524,127.208,0
6lcJu30W4lLZDJICLRjzPQ,0.169,0.0612,3,-22.327,1,0.0397,0.846,0.719,0.0976,0.0337,74.525,0
5JTaece4mxAjEa7Utcyvyf,0.329,0.0603,0,-25.464,1,0.0377,0.945,0.428,0.114,0.241,148.342,0
7dvag5fPqXAWiTJNFsxS7X,0.511,0.0612,2,-22.972,1,0.0419,0.932,0.468,0.329,0.183,119.771,0
1pQSjpnF1eTXtni4pTN7Ns,0.197,0.118,7,-18.443,1,0.0441,0.967,0.566,0.0986,0.0654,118.195,0
6X6asQ7JRczBtPQXtMrzsO,0.306,0.0632,4,-25.363,0,0.0363,0.917,0.895,0.105,0.0308,101.071,0
4YBjc5fCZrFzpYYfzKI2Vv,0.406,0.255,4,-13.243,1,0.0331,0.952,0.852,0.11,0.0808,77.739,0
3LDqTboTGSoUTWyiV3Cppk,0.186,0.03,0,-25.858,1,0.0642,0.869,0.56,0.109,0.112,70.037,0
0fup4FUQCwAhEy5oB9MCEP,0.0874,0.0474,4,-23.13,0,0.0532,0.924,0.768,0.149,0.0331,72.393,0
6qBjQgRksJ4RVNgS6hqEgn,0.089,0.195,7,-18.349,1,0.0441,0.393,0.951,0.22,0.0391,86.266,0
3XFzPxjP3KCHVG09I9xVEs,0.264,0.0556,9,-23.917,1,0.0349,0.964,0.91,0.0783,0.0487,99.381,0
2l0DaEeLEcHjUFLu2bh4Cv,0.187,0.163,11,-17.649,0,0.042,0.715,0.902,0.107,0.0347,54.114,0
3Yy4HmP9jOxZitdjs1UZzs,0.219,0.0945,9,-27.024,1,0.0579,0.986,0.869,0.525,0.13,76.84,0
3P15Mx8jlZd6CPrf9rGXBV,0.0621,0.0345,1,-30.625,1,0.0532,0.662,0.0092,0.119,0.0558,65.193,0
4hCONFakCYeXlrZMvFOhSK,0.208,0.0302,9,-26.742,1,0.0407,0.983,0.253,0.117,0.063,105.975,0
1QwnjxsFzruTTCbuuKQdnH,0.214,0.243,6,-17.301,1,0.0319,0.917,0.912,0.0657,0.0381,80.187,0
4TaDgdR7HqfAlnBoRjoMYI,0.182,0.033,6,-24.523,0,0.0391,0.817,0.888,0.241,0.157,92.685,0
17kTjPCSx2WsrWDuvvUDt8,0.246,0.0833,9,-25.533,0,0.0488,0.992,0.915,0.0883,0.161,92.413,0
3ZYIIUaTnqIox0MS5r6Y74,0.197,0.0527,7,-24.809,1,0.0432,0.991,0.945,0.0731,0.0386,82.876,0
7ob1hDIwInykgIGVspdTjk,0.164,0.149,10,-17.711,1,0.0414,0.983,0.938,0.109,0.0337,95.359,0
2nv71TEiLpcoGdjc5TLVcv,0.1,0.0463,2,-24.053,0,0.0474,0.912,0.761,0.11,0.097,176.625,0
5uXHix1UojjNPz9NtwYYe5,0.141,0.0347,9,-29.991,0,0.0391,0.953,0.853,0.0978,0.048,91.036,0
1DnIX6GUnZImvFFqVnu5F4,0.22,0.0485,0,-25.743,1,0.0472,0.977,0.865,0.104,0.0395,97.025,0
45lEbs1QlOWk9gTNDQ8CmZ,0.186,0.0105,1,-32.796,1,0.0441,0.992,0.343,0.0723,0.0371,104.294,0
7Cob0gcYREMr9aOG6Dn1NU,0.277,0.0699,5,-24.447,1,0.0494,0.974,0.522,0.153,0.0493,109.572,0
78aINTncuUFz3eb8b8Y6Nx,0.0892,0.0759,8,-22.61,1,0.0416,0.95,0.847,0.0994,0.0718,80.12,0
2EifgBTEtl2LD4Rocka3ba,0.176,0.143,6,-21.009,0,0.0412,0.967,0.323,0.133,0.0888,85.368,0
29sAaPED5ECGqYSojXtzje,0.175,0.0483,7,-22.434,0,0.0471,0.975,0.858,0.143,0.0387,130.585,0
6NGmbnLKgpA22565frF1Y6,0.103,0.0529,6,-23.766,1,0.0447,0.976,0.852,0.239,0.0383,85.122,0
6dismrPUy8x2dNFFv5hN8X,0.123,0.0155,10,-22.164,1,0.0479,0.105,0.914,0.107,0.043,96.884,0
4P2QM7yRPzU0pXQEyhoI2v,0.0921,0.04,1,-26.075,1,0.0473,0.926,0.84,0.125,0.0389,85.38,0
7JSeEVnJSK1oEJLTHX61Xa,0.0934,0.02,10,-33.082,1,0.0451,0.972,0.892,0.145,0.0452,85.332,0
4qEu9zxeUen2EyPJTjeu4p,0.19,0.0748,2,-20.995,1,0.0452,0.937,0.697,0.169,0.0366,112.111,0
72tzXzTRPV5H5td7jv6rmL,0.284,0.0557,7,-23.209,1,0.0603,0.912,0.0967,0.169,0.204,95.281,0
1QmqJpEhu48vGity943LEb,0.231,0.0768,2,-25.658,1,0.0508,0.944,0.149,0.0983,0.1,113.69,0
3Htqdp3sfxvPoNx7aDwflH,0.617,0.268,1,-15.997,1,0.058,0.955,0.635,0.117,0.64,116.645,0
2TQ6uhtI3AJpfo1tJqDsxI,0.183,0.0288,10,-30.479,1,0.0452,0.945,0.896,0.0863,0.0386,117.017,0
0ObV8vQoB8SJLf6vGv4xhB,0.138,0.0109,6,-31.754,0,0.0487,0.805,0.845,0.0999,0.0376,101.226,0
58GXDqnpYMmI2MikV9SXaj,0.092,0.011,0,-26.322,1,0.0477,0.886,0.463,0.0731,0.0527,79.126,0
7FjlBRaqz2IRPBIlnBll1x,0.0789,0.0701,7,-19.808,0,0.0424,0.902,0.894,0.345,0.0505,81.68,0
016j1TzPVs5WnA8a81LfI7,0.168,0.0221,7,-30.351,0,0.0534,0.976,0.909,0.237,0.0753,99.953,0
2kHN6jl6TTeqKPeSXoc2dO,0.171,0.0167,11,-32.52,0,0.0437,0.986,0.798,0.0822,0.1,92.954,0
5erj8jK6bq8MWFnDVv2HtI,0.286,0.0439,5,-24.745,1,0.042,0.925,0.551,0.147,0.0932,152.867,0
7aXsozQFsGYFIzl7mXdld8,0.143,0.0585,3,-24.247,1,0.0537,0.939,0.0178,0.119,0.0572,180.655,0
0eApLaETrhVEHZnKBbCw8I,0.148,0.0978,8,-22.617,1,0.0407,0.787,0.755,0.145,0.039,89.658,0
5sDBN0euFLUW5hX9Anb70H,0.208,0.0314,10,-26.419,1,0.0466,0.994,0.542,0.103,0.0694,96.712,0
3mWfaQkxgPGYttNeGHtuRc,0.248,0.385,9,-8.929,1,0.0378,0.972,0.889,0.11,0.362,135.496,0
1SPYNl3ni8M7Vod0wtdsla,0.463,0.0717,2,-21.259,1,0.0572,0.924,0.0665,0.0758,0.379,130.72,0
6fKYxn92YJKGghkVkV4Q0f,0.374,0.107,5,-21.513,1,0.0372,0.754,0.355,0.275,0.18,97.045,0
3o4T1csAn9X305KHH7iAdA,0.131,0.0398,7,-26.035,1,0.0484,0.957,0.753,0.0892,0.053,84.829,0
0ikGKOEhmahJPTpjN5FAif,0.0998,0.0534,5,-26.14,1,0.0468,0.954,0.853,0.247,0.039,82.047,0
4RayXmEhxLcf4Mgp9YDeky,0.0918,0.108,2,-22.925,0,0.0444,0.975,0.762,0.296,0.0327,86.707,0
45puxvUq92p5vcuVoASc9U,0.283,0.0595,4,-19.631,1,0.0456,0.95,0.0345,0.11,0.143,137.768,0
0jtgby6BUzrAKAxPoBMxiL,0.13,0.0941,4,-21.2,1,0.0402,0.55,0.826,0.483,0.107,86.911,0
7GNPRPWAQpfgpSmwIZfTZ9,0.348,0.192,5,-15.074,0,0.0473,0.974,0.0446,0.0844,0.0999,82.705,0
0BFJctGKh0cIb9bfVDTDuh,0.488,0.161,4,-14.089,1,0.0363,0.953,0.972,0.106,0.436,105.305,0
3xt1DBjpBQ3TSBnDbfVcgG,0.0893,0.0817,0,-21.915,0,0.0415,0.911,0.849,0.226,0.0399,85.577,0
0NbzmSCxQ5ShO8KxfB8osi,0.194,0.0452,4,-26.488,0,0.0417,0.993,0.776,0.0731,0.0395,86.499,0
1ugvVNHhqm1y4xlFEd7Zf2,0.192,0.103,5,-21.492,1,0.0439,0.939,0.658,0.111,0.181,92.285,0
06l8kDY9RlhLbOL8uLHy7U,0.0796,0.0535,0,-24.418,1,0.047,0.975,0.975,0.0426,0.0351,82.015,0
3nL8XacHaet4kk4q0wMmp4,0.269,0.154,9,-18.072,1,0.0387,0.93,0.751,0.109,0.104,134.817,0
4murBlWSko9HsCdFT0g3C4,0.282,0.049,7,-24.094,1,0.042,0.891,0.639,0.288,0.0526,94.76,0
1JXakipwwA9rUpNVWOceLG,0.119,0.0425,7,-25.683,0,0.0538,0.905,0.351,0.158,0.106,176.675,0
33cDISdFeiDrDBGlj57Whx,0.41,0.0964,7,-20.089,1,0.0405,0.923,0.0887,0.33,0.371,149.492,0
5S4BAajCoD7CkaWxyqH1H8,0.31,0.0546,10,-19.782,0,0.0371,0.906,0.574,0.0992,0.077,62.036,0
7l5eZh7GrzvP3ZoAhLw2cM,0.171,0.055,5,-24.659,0,0.0437,0.833,0.74,0.158,0.054,96.665,0
43a9SF39HIK863CEJwOHeg,0.188,0.0587,0,-26.196,0,0.0401,0.956,0.772,0.0837,0.147,104.88,0
3VgLfRnAgjDX7GuUWmCAgp,0.141,0.137,8,-15.424,1,0.0431,0.948,0.562,0.0612,0.0353,85.479,0
28ybYSsq7wKImQQXTAeWym,0.141,0.0784,8,-22.877,1,0.04,0.958,0.876,0.097,0.0677,80.492,0
2ogXFsA7lkL3qRgbSZa0ty,0.235,0.0272,3,-26.299,1,0.0449,0.988,0.267,0.0975,0.141,96.095,0
0oQocJMRDP9U1D4MlGbqlp,0.221,0.0773,10,-24.881,1,0.0408,0.925,0.00577,0.127,0.0944,84.594,0
1dM0Vwlr2uP3TYYq76IDI6,0.0993,0.0154,0,-34.797,1,0.0375,0.942,0.47,0.064,0.0764,88.646,0
2BAs3ieKesyd1cKNUXVOtm,0.124,0.0632,9,-25.258,0,0.0521,0.967,0.932,0.108,0.0361,82.475,0
0T2a6HAUQT4lrDUaT6c6Gm,0.0881,0.00433,2,-32.639,1,0.0455,0.969,0.926,0.107,0.0387,74.569,0
5t95BZGwvS6yzshk2ZTyMp,0.456,0.108,4,-16.453,1,0.0565,0.989,0.00272,0.142,0.804,111.851,0
2LtUSaRryjweRz2yOwoWRL,0.295,0.0251,0,-29.891,0,0.0463,0.94,0.439,0.0985,0.0393,103.992,0
6dI9hTX8xcZDfPkZmXDC3a,0.374,0.163,8,-18.493,1,0.0415,0.869,0.764,0.0837,0.523,166.296,0
4wRyBmCKI9MNqEBElaxDbc,0.397,0.0505,7,-25.054,0,0.0588,0.994,0.93,0.164,0.218,137.059,0
0gIB8Cpw5d97arnqFEeDUX,0.18,0.0383,5,-27.175,1,0.0428,0.918,0.168,0.0614,0.0391,105.25,0
6b9H8c7E6MJ8lkMmJ5xsQm,0.137,0.122,7,-18.731,1,0.0359,0.717,0.903,0.0998,0.0575,77.732,0
5OtU3gY9I4P38pRJyOGg18,0.121,0.0825,4,-24.735,1,0.0537,0.935,0.662,0.107,0.0735,75.31,0
4LLtc3d9V2M09l5TOXtVbK,0.131,0.0621,0,-23.623,1,0.0458,0.847,0.892,0.104,0.231,70.019,0
6KGbyJi9yJY00gLTteeTzt,0.314,0.113,2,-21.1,1,0.0398,0.975,0.901,0.121,0.243,124.377,0
3qzNMOAMWvzMtl3aPv9rOB,0.266,0.0662,7,-21.072,1,0.0356,0.977,0.922,0.102,0.0402,142.161,0
1ZpnptUG5sISwRx6fJQrXN,0.253,0.0313,4,-26.923,0,0.0522,0.993,0.927,0.114,0.0657,77.729,0
2UcUL4jytfVpW0jSXi3Ggi,0.157,0.184,4,-19.854,0,0.0442,0.539,0.922,0.107,0.0304,132.606,0
64LTn5fTsPR0QLy7bVYl9w,0.334,0.00732,4,-30.908,0,0.0355,0.991,0.952,0.0968,0.0964,60.171,0
3iNliE9VdKaPmpUangZfTB,0.271,0.0101,7,-32.125,1,0.0548,0.994,0.895,0.0923,0.0743,116.876,0
5XfmcJMAaifjRrIdLaXVLm,0.416,0.0164,5,-25.933,1,0.0483,0.991,0.866,0.116,0.0365,110.635,0
2mqHsw2SM72ajUCPXpgdZL,0.0713,0.00459,2,-37.039,0,0.0373,0.977,0.933,0.0871,0.0365,65.381,0
3mrWC8aEj9JrxKl6gQ0HRv,0.426,0.0153,1,-32.834,1,0.0372,0.993,0.957,0.108,0.265,104.717,0
2GJFu2G9fhaYFrOoX9bejs,0.296,0.0435,0,-29.73,1,0.0411,0.987,0.857,0.0786,0.0302,72.282,0
3RBI5zhMrrq0YDwSeEqTgZ,0.157,0.0633,10,-21.545,0,0.0433,0.922,0.962,0.0889,0.0373,135.223,0
2k2MprlqkmDMKKOOWGREzW,0.332,0.0525,0,-24.1,1,0.0388,0.991,0.891,0.0683,0.097,78.853,0
1YluEbLfaWBfV2GpQQLOcZ,0.447,0.0159,2,-25.612,0,0.063,0.995,0.933,0.195,0.107,131.542,0
0UDJzgIWDc1e6qS9rYldCY,0.378,0.00731,4,-34.115,0,0.061,0.992,0.928,0.0725,0.0508,130.922,0
52GQU2qUtb25jJEmg9hYcU,0.423,0.00748,1,-31.265,1,0.0486,0.993,0.962,0.1,0.194,71.835,0
7HvFEJxUMSKnfcZVJcRtur,0.515,0.104,9,-21.947,0,0.0301,0.711,0.818,0.122,0.206,128.021,0
5O3UGMP9XJLbshKKZHsrGN,0.524,0.0338,0,-28.584,1,0.0577,0.995,0.921,0.0907,0.25,111.753,0
4fU1mpvaRbTqRXZN6JNlRj,0.369,0.00372,2,-27.547,1,0.0391,0.992,0.858,0.0921,0.064,67.856,0
3o9br9LskOEbwc5irxfHqR,0.0877,0.0763,9,-23.986,1,0.0429,0.645,0.897,0.353,0.0509,78.535,0
2qJc1yHYxfdvfYfIq6HeMO,0.233,0.118,3,-20.231,1,0.0325,0.979,0.897,0.125,0.193,167.153,0
1VsxTA8He1KckavTf8fNlh,0.143,0.00194,0,-35.355,1,0.045,0.932,0.0318,0.0694,0.0495,139.295,0
6G6tIDO3rB8FktjkM70GGd,0.407,0.00453,5,-30.925,1,0.041,0.995,0.935,0.0798,0.0342,104.957,0
3WQHClV98OrOR4Sm5XgieC,0.288,0.0572,2,-22.903,0,0.0466,0.968,0.317,0.0972,0.116,108.379,0
0Kubohno5e03J30wNFg4B2,0.402,0.00517,1,-30.939,1,0.0551,0.995,0.893,0.0641,0.0656,65.18,0
2TxxLPHPHOsd3i5104tFv2,0.144,0.0641,4,-23.391,0,0.0441,0.913,0.304,0.115,0.0393,90.685,0
0KyVvY5yqaTYrw999KD1Gg,0.141,0.087,9,-23.517,0,0.0409,0.912,0.964,0.113,0.0399,87.721,0
4zCxFnvD9HWIaDPImLSOq4,0.142,0.0152,7,-30.817,1,0.0377,0.964,0.854,0.115,0.0746,92.621,0
3hCPh4oVVjaM8tv9sFH8cx,0.335,0.00501,1,-33.366,1,0.0451,0.993,0.919,0.0618,0.0383,132.085,0
0MPYUwNGF3D7dvBoAIlMVh,0.571,0.0929,0,-21.029,1,0.0438,0.984,0.889,0.163,0.0394,125.957,0
5GvFoTt81kcLw6eEJlfCKT,0.0823,0.00841,10,-30.674,1,0.0417,0.979,0.792,0.0994,0.0529,172.465,0
4eY2bxGE2ykwefZ3adjetE,0.0709,0.0155,1,-32.939,1,0.0435,0.949,0.785,0.0924,0.0315,76.646,0
2WZNkbVqATzXscJ6VgYJeo,0.172,0.131,4,-21.663,1,0.0468,0.898,0.0392,0.131,0.0476,95.309,0
5NU8pIT0Yp8wgaUiHZM90w,0.163,0.168,10,-20.328,0,0.0349,0.961,0.862,0.115,0.0385,65.77,0
4w9Gw4IWc1604YxRJ6UXc9,0.201,0.137,9,-12.47,0,0.0382,0.979,0.507,0.114,0.197,165.398,0
0sIwhUWbDa1wQlYScO2OZl,0.27,0.0792,9,-21.743,0,0.0345,0.945,0.786,0.0858,0.0378,69.968,0
3IIboL1W5mfWjzPZenvCVe,0.319,0.0305,0,-26.11,1,0.0463,0.994,0.948,0.0846,0.11,95.801,0
0Jr2u6Boq38ZxeO9fekUL3,0.0629,0.183,0,-17.546,1,0.145,0.604,0.865,0.109,0.0273,69.583,0
2d6ml9Qkx8r4EjuUyrdpRV,0.261,0.0149,1,-27.528,1,0.0419,0.992,0.897,0.102,0.0382,75.296,0
1AmtjiQt97lpA5inWCdzIy,0.12,0.0078,5,-31.416,0,0.0444,0.894,0.852,0.369,0.03,149.964,0
6Y5MWmnE9iECH7t2gOKUVl,0.163,0.0377,5,-21.536,1,0.0371,0.869,0.633,0.128,0.0354,70.11,0
5dqX3SxRRVVrz6FAXR95H7,0.216,0.0897,8,-21.605,1,0.0477,0.914,0.073,0.0844,0.0628,132.059,0
0Tx61KMDoqr3uNMhNcXXhB,0.267,0.0152,3,-31.308,1,0.0448,0.952,0.578,0.0979,0.248,128.427,0
1Zv6RyHM08gyC4qvOlCZUL,0.299,0.0319,2,-30.624,1,0.0603,0.994,0.928,0.105,0.0975,105.922,0
0VEf913GDXMlb196o6VOCV,0.224,0.0265,5,-27.292,1,0.0468,0.981,0.982,0.101,0.0623,81.364,0
1LFshblNG5R1mtzWLjfeFm,0.22,0.031,5,-24.154,0,0.0426,0.864,0.714,0.11,0.071,109.328,0
6IjoiTqAOtMNOA2KOEm2b9,0.131,0.0208,2,-28.56,1,0.0491,0.987,0.0363,0.0686,0.128,86.952,0
1Wy5fW4R9zU0wQcC7ufHxi,0.366,0.00713,2,-30.181,1,0.0526,0.995,0.963,0.0705,0.036,67.461,0
17oLsEzzlGFlrBKViCzmGc,0.479,0.174,10,-18.021,0,0.0371,0.952,0.841,0.115,0.296,103.577,0
1KM99JjxJzU26mwwcLpAPo,0.163,0.0203,9,-32.112,0,0.0475,0.898,0.217,0.0757,0.0353,131.124,0
0LrA0EtiJsr4tDHIGw82OW,0.109,0.0693,8,-21.196,1,0.0388,0.986,0.931,0.13,0.0411,58.869,0
3g98x0UrsfWzpiRR2gmLtR,0.0655,0.0137,9,-34.624,1,0.0498,0.953,0.824,0.108,0.0328,71.339,0
48I99KUopQ2TOvU3uFL0rz,0.38,0.0342,7,-29.643,1,0.039,0.992,0.948,0.107,0.21,109.011,0
5FOHBhUtWl2x5Z6qflA8nd,0.147,0.0457,0,-19.188,1,0.042,0.96,0.927,0.106,0.0364,138.942,0
24Y4um6M2d4huD6Lx4aHcv,0.312,0.0482,2,-25.766,1,0.0436,0.98,0.95,0.123,0.0722,111.59,0
0EKPj41uhOc0r0UjkKbjsm,0.183,0.0075,0,-33.087,1,0.0395,0.974,0.59,0.0731,0.127,66.333,0
1DdyioI2yXhLwR1pn5Hczk,0.18,0.0382,2,-22.028,0,0.0452,0.983,0.0141,0.15,0.0593,69.897,0
1ykbtFnlIjmIFnZ8j6wg6i,0.131,0.137,2,-20.553,1,0.0387,0.934,0.485,0.087,0.0465,78.577,0
32Icp7aedxQEHmvPPGrOFd,0.195,0.00736,0,-28.34,1,0.0355,0.867,0.738,0.0786,0.0382,42.313,0
4u2qyRFTBYm3Se02t0Ki7d,0.146,0.154,5,-16.92,1,0.0449,0.808,0.648,0.124,0.0383,143.625,0
5KhznZQE9EbrmXx2Q9WUZM,0.209,0.0407,5,-20.998,1,0.045,0.995,0.894,0.109,0.0788,66.236,0
4O2N861eOnF9q8EtpH8IJu,0.484,0.192,2,-15.378,1,0.0465,0.991,0.908,0.106,0.0559,100.084,0
66EIPOdC3UZZCJdiUSRo92,0.222,0.117,2,-20.966,1,0.0433,0.905,0.919,0.111,0.0883,91.624,0
4mnbrrduAIy9ZyNoi4byOU,0.0905,0.00523,1,-28.178,1,0.0412,0.979,0.879,0.0615,0.0307,71.001,0
1w0k9Eu4dovVNWKVlnRzcH,0.11,0.0108,5,-34.892,1,0.0377,0.983,0.944,0.0755,0.0762,66.038,0
5FRGTGPZ7uA6JaLAH55PVV,0.0808,0.00285,4,-41.786,0,0.0402,0.984,0.666,0.0736,0.0375,64.48,0
3DRu1GI6qvtVUDnygcTTj6,0.388,0.00843,9,-31.898,0,0.054,0.994,0.919,0.0861,0.179,114.314,0
1Vk4yRsz0iBzDiZEoFMQyv,0.476,0.192,9,-15.753,1,0.064,0.976,0.928,0.119,0.114,116.542,0
5YBH5bL6pxG4pJsAVw9zbL,0.148,0.0744,10,-23.261,0,0.0451,0.944,0.146,0.0682,0.0478,88.072,0
6b4aMRJyI1vqwvrNZkDU4e,0.156,0.0475,4,-29.722,0,0.0364,0.753,0.939,0.112,0.0904,135.439,0
0c11dbNvZuY1pXL6VybKBh,0.15,0.0234,3,-24.527,1,0.0432,0.995,0.936,0.103,0.066,62.36,0
1ybtJbR4ARqmjl6dD2VtYU,0.151,0.103,9,-22.221,1,0.0412,0.918,0.852,0.0756,0.036,97.5,0
33B1XmfncHqnfkrYZIcHbD,0.304,0.0116,7,-33.19,0,0.0337,0.983,0.963,0.104,0.0364,77.84,0
6QzTQbDkDz6eG4GTFIo4KD,0.351,0.0472,5,-21.655,1,0.0436,0.977,0.219,0.0611,0.203,148.564,0
76d6R3Arx2LCszSyXALNeW,0.195,0.111,0,-19.249,1,0.0406,0.764,0.00318,0.0728,0.0474,109.47,0
2vBuaUzWANdghLfM1nF0Yw,0.194,0.079,4,-21.389,1,0.0425,0.969,0.498,0.126,0.082,100.309,0
2JRehMMtFkGj0Agux7LNWs,0.146,0.00849,0,-36.382,0,0.0384,0.97,0.932,0.101,0.0389,77.324,0
1s9GYilV9guTnwidLuBV7I,0.194,0.106,0,-27.097,1,0.0389,0.935,0.752,0.0833,0.0387,99.537,0
1vRDKkxMscAH1o8emcDbcw,0.439,0.00257,1,-32.686,1,0.0583,0.995,0.936,0.0715,0.0375,131.858,0
2MZSXhq4XDJWu6coGoXX1V,0.558,0.0259,8,-30.016,1,0.0458,0.996,0.871,0.0969,0.37,157.811,0
123zFAGx0F5ScgrLrCWGDX,0.204,0.0305,2,-31.159,1,0.0462,0.965,0.268,0.111,0.0394,114.214,0
0LCaQybvZqPsW1Y1y7clD4,0.163,0.0427,3,-29.813,1,0.0401,0.979,0.884,0.126,0.0451,97.137,0
39lfUslSPk44SDc8cbfltW,0.178,0.143,5,-20.394,0,0.0407,0.938,0.379,0.114,0.0498,90.75,0
6iL0pob2CNH1KNXPsSl9Fo,0.448,0.111,10,-20.606,1,0.0353,0.991,0.898,0.0974,0.0755,74.76,0
09I7DjJtkvTPORULHE7yCY,0.163,0.021,5,-26.363,1,0.0478,0.955,0.884,0.0868,0.0367,129.627,0
0hCB0YR03f6AmQaHbwWDe8,0.412,0.902,9,-11.6,1,0.405,0.0484,0.131,0.405,0.422,89.74,1
2aoo2jlRnM3A0NyLQqMN2f,0.438,0.805,8,-6.237,1,0.0624,0.00255,5.69e-05,0.0842,0.564,113.253,1
08mG3Y1vljYA6bvDt4Wqkj,0.31,0.7,9,-5.678,1,0.047,0.011,0.00965,0.0828,0.763,188.386,1
1RJeiAIwR9pZBgJA8ndZLL,0.505,0.836,5,-7.384,0,0.101,0.0103,0.0771,0.295,0.764,159.669,1
66lOpKgTyFjOrac4S1s94g,0.676,0.92,9,-7.96,1,0.0435,0.00101,8.65e-06,0.248,0.624,126.341,1
2EqlS6tkEnglzr7tkKAAYD,0.533,0.376,9,-11.913,0,0.0393,0.0302,0.248,0.0926,0.187,165.007,1
39shmbIHICJ2Wxnk1fPSdz,0.742,0.833,2,-6.463,1,0.115,0.079,0,0.384,0.816,113.375,1
2KmEgiY8fQs0G6WNxtzQKr,0.489,0.724,5,-8.367,1,0.0352,0.313,0.185,0.287,0.15,117.292,1
24NwBd5vZ2CK8VOQVnqdxr,0.38,0.76,9,-10.961,1,0.0378,0.00298,0.0294,0.104,0.491,99.437,1
57JVGBtBLCfHw2muk5416J,0.933,0.528,5,-6.472,0,0.162,0.112,0.329,0.163,0.756,109.975,1
5uvosCdMlFdTXhoazkTI5R,0.413,0.725,3,-5.787,0,0.0324,0.369,2.16e-05,0.0905,0.44,124.618,1
70YvYr2hGlS01bKRIho1HM,0.545,0.64,4,-9.937,0,0.224,0.00249,0.0304,0.196,0.606,80.544,1
7MRyJPksH3G2cXHN8UKYzP,0.55,0.824,2,-5.988,1,0.0334,0.448,0.000127,0.366,0.777,114.512,1
3YBZIN3rekqsKxbJc9FZko,0.273,0.952,11,-8.762,1,0.0843,0.0169,0.0111,0.142,0.472,100.271,1
61Q9oJNd9hJQFhSDh6Qlap,0.315,0.534,9,-7.552,0,0.031,0.000825,0.108,0.101,0.283,116.891,1
3AhXZa8sUQht0UEdBJgpGc,0.483,0.721,0,-6.836,1,0.032,0.729,0,0.189,0.562,95.261,1
2K2M0TcglCRLLpFOzKeFZA,0.683,0.594,2,-8.289,1,0.0347,0.385,8.61e-05,0.121,0.734,115.099,1
4CJVkjo5WpmUAKp3R44LNb,0.597,0.605,7,-12.013,1,0.0255,0.181,0.000331,0.118,0.886,97.782,1
4BP3uh0hFLFRb5cjsgLqDh,0.64,0.663,0,-7.516,1,0.0374,0.201,0.00806,0.152,0.663,132.77,1
4gMgiXfqyzZLMhsksGmbQV,0.694,0.394,0,-15.881,1,0.0428,0.0781,0.000677,0.247,0.719,104.126,1
2X6gdRlGOQgfaXU9ALUQFQ,0.546,0.529,9,-13.6,1,0.0436,0.0629,0.000567,0.0383,0.574,151.727,1
1IqFh00G2kvvMm8pRMpehA,0.453,0.464,2,-10.96,1,0.0431,0.302,5.96e-05,0.152,0.658,93.19,1
40riOy7x9W7GXjyGp4pjAv,0.579,0.508,2,-9.484,1,0.027,0.00574,0.000494,0.0575,0.609,147.125,1
371VkfwKiXJxgH5ZPoQNHD,0.596,0.448,5,-9.616,1,0.0396,0.365,5.3e-06,0.206,0.796,83.293,1
63OFKbMaZSDZ4wtesuuq6f,0.438,0.71,2,-12.412,1,0.0919,0.262,0.537,0.221,0.53,145.928,1
1qRA5BS78u3gME0loMl9AA,0.653,0.519,2,-10.164,1,0.0497,0.406,0.0209,0.101,0.822,98.883,1
32kgOw8wejH7zUhtXCM8DH,0.377,0.682,7,-8.039,1,0.0299,0.000894,0.00217,0.0504,0.288,108.736,1
6cr6UDpkjEaMQ80OjWqEBQ,0.73,0.868,5,-7.325,1,0.0288,0.0632,0.0661,0.318,0.923,148.217,1
4uGIJG1jYFonGc4LGp5uQL,0.504,0.578,4,-9.302,1,0.031,0.408,0,0.321,0.654,132.411,1
5p3JunprHCxClJjOmcLV8G,0.575,0.318,0,-16.729,1,0.109,0.683,0.000202,0.0934,0.385,104.522,1
6KTv0Z8BmVqM7DPxbGzpVC,0.654,0.929,1,-5.906,1,0.0998,0.0468,0,0.0539,0.902,144.774,1
3QZ7uX97s82HFYSmQUAN1D,0.536,0.901,9,-7.211,1,0.0374,0.00145,0.0186,0.06,0.666,87.559,1
2aSFLiDPreOVP6KHiWk4lF,0.663,0.712,2,-7.268,1,0.0479,0.524,0,0.0804,0.527,113.439,1
51H2y6YrNNXcy3dfc3qSbA,0.729,0.989,9,-4.613,0,0.049,0.0102,4.45e-05,0.443,0.84,126.47,1
2sXp9Qmvc7mRaDBjBgcGGi,0.813,0.46,1,-9.78,1,0.0346,0.56,0.0105,0.0724,0.729,117.387,1
5QTxFnGygVM4jFQiBovmRo,0.333,0.927,9,-8.55,0,0.0733,0.0029,0.000208,0.297,0.385,141.466,1
54eZmuggBFJbV7k248bTTt,0.654,0.506,11,-17.18,0,0.0535,0.686,0.0155,0.155,0.831,123.179,1
3gdewACMIVMEWVbyb8O9sY,0.601,0.532,10,-9.119,1,0.0286,0.432,6.25e-06,0.0925,0.341,136.571,1
1JkZg3eMQTmTn93E8Yd3UL,0.806,0.462,2,-12.778,1,0.0298,0.78,0.0134,0.15,0.736,92.726,1
6Vjk8MNXpQpi0F4BefdTyq,0.483,0.615,2,-8.538,1,0.0497,0.452,0.000414,0.0512,0.594,80.576,1
5MxNLUsfh7uzROypsoO5qe,0.307,0.433,1,-10.057,1,0.029,0.388,9.08e-05,0.332,0.224,160.9,1
2zYzyRzz6pRmhPzyfMEC8s,0.574,0.913,6,-4.793,0,0.133,0.061,0.00158,0.156,0.423,115.728,1
5LNiqEqpDc8TuqPy79kDBu,0.591,0.804,0,-7.299,1,0.0454,0.327,5.98e-06,0.0818,0.658,111.457,1
2HXixVqzzm9rEUIMAWzshl,0.611,0.883,9,-11.225,1,0.0539,0.0846,1.2e-06,0.192,0.604,117.928,1
1AhDOtG9vPSOmsWgNW0BEY,0.414,0.404,0,-9.928,0,0.0499,0.271,0,0.3,0.224,71.105,1
5X76oXHcR5uCXali0gOyX5,0.55,0.576,0,-13.475,1,0.0306,0.178,0.00935,0.0555,0.486,109.837,1
5e6x5YRnMJIKvYpZxLqdpH,0.636,0.746,0,-3.785,1,0.0393,0.0648,0.29,0.173,0.432,132.31,1
3k9i7UzeSUYWIfUZFeFDUd,0.404,0.903,1,-3.88,1,0.0668,0.577,0.297,0.287,0.498,115.672,1
1fDsrQ23eTAVFElUMaf38X,0.531,0.481,4,-11.709,0,0.06,0.699,0,0.0842,0.491,138.45,1
1lqMLr9Wj7SM2F9AikGcxN,0.509,0.827,0,-7.715,1,0.079,0.0409,0,0.12,0.743,135.601,1
1Ly0ssAgeM7YqdHptao8Oe,0.426,0.619,4,-11.501,0,0.0722,8.44e-05,0.00239,0.17,0.382,162.721,1
5SAUIWdZ04OxYfJFDchC7S,0.632,0.586,0,-11.333,1,0.0284,0.0983,0.581,0.0535,0.89,114.243,1
6FsQrRpBLgsrFeAeiQqytm,0.729,0.818,2,-9.992,1,0.0732,0.157,0.285,0.195,0.907,125.811,1
1HOMkjp0nHMaTnfAkslCQj,0.586,0.7,0,-9.558,1,0.0363,0.0589,0.00125,0.0318,0.897,147.245,1
5qBqBdfTEIWJwAS0Jm2F5R,0.452,0.818,2,-8.124,1,0.0439,0.135,2.72e-05,0.052,0.755,124.474,1
7LbfuQVct78YoghmoPtsQ8,0.671,0.405,0,-10.052,1,0.0392,0.385,0,0.132,0.828,99.678,1
78lgmZwycJ3nzsdgmPPGNx,0.564,0.932,11,-10.068,1,0.0554,0.013,0.169,0.349,0.619,112.937,1
2d4e45fmUnguxh6yqC7gNT,0.668,0.906,11,-4.881,0,0.17,0.214,0.00245,0.135,0.507,135.653,1
7N3PAbqfTjSEU1edb2tY8j,0.572,0.835,0,-6.219,1,0.0317,0.171,0.000376,0.0702,0.796,129.994,1
7GonnnalI2s19OCQO1J7Tf,0.361,0.97,7,-4.817,0,0.284,0.00169,0.00163,0.357,0.254,179.017,1
4bHsxqR3GMrXTxEPLuK5ue,0.5,0.748,4,-9.072,1,0.0363,0.127,0,0.447,0.514,118.852,1
0dOg1ySSI7NkpAe89Zo0b9,0.398,0.952,4,-6.042,1,0.061,0.000373,7.75e-05,0.1,0.584,122.093,1
1xShPgQbOUa98avWJQFDBY,0.637,0.682,11,-11.625,1,0.0366,0.0112,0.0234,0.0473,0.714,129.983,1
5jzma6gCzYtKB1DbEwFZKH,0.651,0.801,0,-7.34,1,0.0513,0.123,0,0.0825,0.776,133.763,1
4DMKwE2E2iYDKY01C335Uw,0.482,0.786,7,-5.735,1,0.032,0.00321,8.88e-05,0.446,0.793,126.755,1
2LawezPeJhN4AWuSB0GtAU,0.741,0.697,0,-7.028,1,0.0277,0.0664,2.28e-05,0.133,0.774,116.109,1
5Ly2g3fnof2iFE8zsQZJX2,0.51,0.893,9,-9.267,1,0.0342,0.00102,5.85e-05,0.201,0.934,142.657,1
1oG2vWELiGjIqxwqGcyqwF,0.567,0.959,8,-3.822,1,0.102,0.0995,6.07e-05,0.1,0.961,137.377,1
4cMHCRLPNoEbpnl2rz6GS9,0.598,0.901,2,-6.081,1,0.0359,0.116,0.0401,0.178,0.814,153.24,1
6XUHsYE38CEbYunT983O9G,0.531,0.818,2,-5.358,1,0.0452,0.0694,0.0096,0.263,0.471,90.767,1
14XWXWv5FoCbFzLksawpEe,0.549,0.722,11,-11.729,0,0.0283,0.25,0.0138,0.11,0.716,103.885,1
7o2CTH4ctstm8TNelqjb51,0.454,0.91,6,-7.766,1,0.0448,0.0866,0.0996,0.116,0.629,125.116,1
5tVA6TkbaAH9QMITTQRrNv,0.623,0.449,5,-13.333,1,0.0253,0.212,0,0.0613,0.572,84.383,1
2b9lp5A6CqSzwOrBfAFhof,0.453,0.905,9,-4.001,1,0.115,0.36,0.000569,0.26,0.474,137.571,1
2PzU4IB8Dr6mxV3lHuaG34,0.723,0.863,2,-7.89,1,0.0338,0.0383,0.0317,0.128,0.931,136.302,1
4KfSdst7rW39C0sfhArdrz,0.547,0.691,4,-13.553,0,0.0369,0.015,0.105,0.144,0.667,137.148,1
6zeE5tKyr8Nu882DQhhSQI,0.475,0.322,7,-10.687,1,0.0283,0.367,0.00056,0.11,0.387,93.503,1
2vX5WL7s6UdeQyweZEx7PP,0.629,0.785,5,-10.761,1,0.0471,0.0249,9.45e-06,0.0522,0.869,108.531,1
3KPwt1LBpt1jVSHz8GXERo,0.543,0.529,7,-9.717,1,0.0301,0.326,0.00269,0.709,0.746,85.126,1
2f0P7iELCvAlV8j6Z3rGDE,0.484,0.711,2,-7.784,1,0.0331,0.0183,0.173,0.0941,0.49,148.189,1
7LRMbd3LEoV5wZJvXT1Lwb,0.754,0.759,9,-5.218,1,0.302,0.153,0.000108,0.101,0.435,126.366,1
0J6mQxEZnlRt9ymzFntA6z,0.534,0.887,0,-3.777,1,0.0345,0.0768,9.93e-05,0.325,0.72,122.494,1
5UwbnHhjnbinJH8TefuQfN,0.757,0.868,9,-9.326,1,0.062,0.411,0.00221,0.355,0.815,138.923,1
6gXrEUzibufX9xYPk3HD5p,0.667,0.755,9,-7.246,1,0.069,0.0966,6.94e-05,0.0523,0.883,109.535,1
1dv3ePjze9tPq2pk8eWJdR,0.63,0.616,1,-8.128,0,0.0309,0.463,0.0408,0.173,0.509,118.65,1
7IhkWF9zpiYKlU7CxHxYT9,0.766,0.446,2,-13.079,1,0.0867,0.25,0.000704,0.318,0.743,119.774,1
4JNi40t7xR5bO3PWxRkiPN,0.279,0.852,7,-7.838,1,0.0511,0.0119,0.076,0.0624,0.438,117.418,1
2SiXAy7TuUkycRVbbWDEpo,0.532,0.767,7,-5.509,1,0.0574,0.00287,0.000513,0.39,0.755,127.361,1
3aoDEt6zSuYQ47gzarlaVo,0.469,0.537,9,-10.421,1,0.152,0.0241,0.00201,0.269,0.783,124.193,1
0eFvoRSTTaR2q8bSWVjwfp,0.456,0.978,10,-4.869,0,0.112,0.0301,0.499,0.313,0.327,123.411,1
0F0MA0ns8oXwGw66B2BSXm,0.619,0.703,10,-9.414,0,0.0525,0.00388,0.205,0.163,0.709,115.043,1
5y4761pjcksXs1hNsCmc4n,0.691,0.592,2,-8.089,1,0.0366,0.389,3.29e-05,0.124,0.736,115.152,1
54flyrjcdnQdco7300avMJ,0.693,0.497,2,-7.316,1,0.119,0.679,0,0.258,0.473,81.308,1
1zGk1kgAxCpg6PHjGuLe4J,0.543,0.715,2,-8.89,1,0.0356,0.0192,0,0.256,0.468,124.011,1
0832Tptls5YicHPGgw7ssP,0.786,0.87,1,-3.875,0,0.0316,0.413,0.000494,0.0389,0.864,100.66,1
38Ngied9rBORlAbLYNCl4k,0.644,0.919,2,-6.289,1,0.0561,0.181,0.134,0.622,0.871,117.459,1
3sY6z4pGcxpMwx3W026WtU,0.421,0.677,4,-6.183,1,0.0343,0.000989,9.65e-05,0.211,0.683,127.67,1
3IOQZRcEkplCXg6LofKqE9,0.336,0.792,9,-10.875,1,0.084,0.00351,0.00175,0.0437,0.427,155.587,1
7Ar4G7Ci11gpt6sfH9Cgz5,0.645,0.598,1,-13.18,0,0.0335,0.221,3.53e-06,0.0721,0.913,105.929,1
52dm9op3rbfAkc1LGXgipW,0.432,0.389,7,-6.517,1,0.0255,0.687,0.0107,0.0788,0.158,139.506,1
298jnAsgLcTRkRP5TKB7Mj,0.615,0.815,5,-7.128,1,0.0373,0.475,0,0.0964,0.765,150.733,1
6Xv160PuntxAtb67Ed4t4I,0.766,0.579,9,-9.722,1,0.0385,0.179,1.25e-05,0.264,0.755,125.206,1
4YCnTYbq3oL1Lqpyxg33CU,0.571,0.618,4,-5.682,1,0.0371,0.18,2.69e-06,0.178,0.852,156.892,1
2RyhBTD6SWLgaU5dhfVtEP,0.577,0.612,7,-12.181,1,0.0438,0.757,0,0.283,0.761,145.029,1
3Ib94mN8YF3cXZo5x1FpQL,0.625,0.791,2,-10.428,1,0.0711,0.198,0.000144,0.0645,0.967,157.413,1
6C7aTTCUWRK7dD379yUT3W,0.715,0.797,3,-10.154,1,0.193,0.837,0,0.209,0.841,92.739,1
7EM1CeaWPjCdVY1vO0KiO4,0.371,0.813,0,-11.397,1,0.0741,0.0946,0.919,0.272,0.822,153.963,1
1q7njNe2QfE0xbZMtTOT2m,0.415,0.635,5,-8.982,1,0.0772,0.608,0,0.25,0.842,183.665,1
5PZf7EZr7GfkOAgeEcsqPa,0.681,0.69,7,-11.519,1,0.18,0.317,0.00018,0.24,0.622,178.71,1
3QUGcs2wxh0hs1cpQYejSf,0.522,0.901,4,-8.549,1,0.0479,0.535,8.47e-06,0.176,0.916,166.886,1
45Szkclj1lt4ubm7RFK68t,0.594,0.533,10,-7.993,0,0.0438,0.153,1.49e-05,0.172,0.729,78.552,1
1INWPr855fwWdAOeecbu0W,0.604,0.709,8,-6.377,1,0.158,0.0987,0,0.0551,0.907,167.832,1
4cRfSR0QxDlXRHTKyEOu93,0.616,0.724,9,-8.101,1,0.042,0.788,3.16e-06,0.128,0.809,81.402,1
50RwvvEKX5Q7AZt8FTAwIF,0.536,0.637,2,-7.774,1,0.0343,0.467,0,0.0838,0.798,115.24,1
0ijKW319aVwVVDmFGU4rGC,0.565,0.495,7,-14.611,1,0.0506,0.766,0.000111,0.287,0.952,168.21,1
05OCYhoEeasqAJXKtYxRZi,0.659,0.902,2,-7.464,1,0.133,0.462,3.94e-05,0.0712,0.674,175.468,1
05eNEozACh10Rn0ewFnH8Y,0.663,0.758,10,-10.07,0,0.0571,0.272,0,0.319,0.814,157.198,1
6FT83pFXKhDlXDsNJFAHWz,0.525,0.852,7,-9.519,1,0.222,0.731,5.11e-05,0.218,0.884,157.404,1
77FRvC6JRthZBYDiMJeAFg,0.67,0.878,0,-12.43,1,0.0491,0.745,0.000602,0.326,0.973,97.598,1
64Ny7djQ6rNJspquof2KoX,0.357,0.756,0,-8.492,1,0.0621,0.733,0.00505,0.76,0.95,174.797,1
46TWukJttO81Ivgz947Sbz,0.622,0.706,1,-9.86,0,0.065,0.104,0,0.0926,0.961,122.405,1
33aYzW5ToRjiFOzkubeJ8H,0.566,0.711,0,-6.536,1,0.0335,0.611,6.59e-06,0.417,0.961,159.629,1
1QUQkPdroMjVD4FeEQ1c3U,0.575,0.482,9,-12.705,1,0.0454,0.488,0,0.171,0.85,127.631,1
2gE95JskwQ1pCACTpGe1Db,0.858,0.544,0,-9.289,1,0.0751,0.583,0.00109,0.0707,0.874,108.217,1
5z2Gef9D3UgRquZXe7UUW4,0.662,0.794,5,-6.942,1,0.152,0.206,0,0.149,0.841,168.106,1
3SQhmctWreNM0X6Zkm2K5R,0.756,0.768,0,-10.701,1,0.112,0.735,0,0.182,0.783,118.208,1
6wO13Xb3EdHUNixFOEJ0KV,0.377,0.626,0,-9.662,1,0.033,0.832,6.46e-05,0.188,0.678,161.468,1
4pbG9SUmWIvsROVLF0zF9s,0.49,0.715,7,-5.549,1,0.0476,0.386,0,0.311,0.866,130.726,1
78JmElAFmrPNhLjovDR9Jm,0.551,0.86,7,-7.839,1,0.0796,0.262,4.57e-06,0.0558,0.723,136.921,1
3G7tRC24Uh09Hmp1KZ7LQ2,0.526,0.775,0,-6.05,1,0.0352,0.707,2.05e-05,0.217,0.962,80.106,1
66FSV5dLK5sNLZ00IfHxfD,0.641,0.774,2,-5.916,1,0.0278,0.0543,1.05e-05,0.0473,0.942,89.787,1
4Hbe0lRKsXtDZ2wQIovz7I,0.522,0.806,10,-9.097,1,0.0817,0.748,5.48e-05,0.313,0.969,168.078,1
4gphxUgq0JSFv2BCLhNDiE,0.647,0.582,10,-9.538,0,0.0755,0.41,1.93e-06,0.0715,0.915,167.396,1
5UvE5QlINnvEc7aFO14DVL,0.4,0.818,0,-11.238,1,0.08,0.458,3.25e-06,0.132,0.936,166.287,1
6FRwDxXsvSasw0y2eDArsz,0.684,0.481,2,-12.59,1,0.0384,0.475,6.57e-05,0.118,0.784,115.078,1
1xjYJJy5TFFVD9tStu2hfw,0.491,0.719,5,-5.78,1,0.065,0.74,0,0.0518,0.933,184.918,1
5ZBeML7Lf3FMEVviTyvi8l,0.482,0.849,2,-9.198,1,0.0452,0.641,7.74e-06,0.0414,0.937,124.631,1
4c4jJJoaiY21t2TyRZgdWS,0.64,0.651,4,-14.981,0,0.0517,0.142,0.28,0.0341,0.801,111.676,1
6oRHRkQigTzJ3KwpO3XOV6,0.547,0.523,9,-9.176,1,0.0572,0.724,0,0.103,0.89,169.598,1
4LddAerqROEdlx1GF1bcVd,0.551,0.686,4,-11.969,1,0.0536,0.346,0,0.33,0.982,70.959,1
3qt3ybU6MScMxMKL2TYBvt,0.596,0.791,7,-8.88,1,0.0446,0.425,0.000295,0.0886,0.98,129.237,1
01u6AEzGbGbQyYVdxajxqk,0.697,0.55,2,-11.496,1,0.18,0.856,3.44e-05,0.0907,0.844,84.802,1
0wJoRiX5K5BxlqZTolB2LD,0.533,0.905,2,-5.27,1,0.0754,0.00876,0.578,0.0698,0.486,108.9,1
7AzFID6u1b3zIWbd9pb8Dk,0.423,0.681,10,-9.756,1,0.0397,0.0592,0.000177,0.0889,0.559,110.461,1
4u9f8hqstB7iITDJNzKhQx,0.412,0.782,2,-9.186,0,0.058,0.308,0.00822,0.0775,0.705,96.732,1
62nYkaIBesfvQSSwTjPnYS,0.375,0.448,9,-14.06,1,0.0264,0.106,5.55e-05,0.141,0.564,88.371,1
5wJXbK6be3OUwZHrqEuuaD,0.57,0.863,7,-10.82,1,0.0526,0.581,0.00412,0.313,0.909,163.837,1
7ItZM6DMZE2m1X7yIaRxjq,0.627,0.7,3,-9.657,1,0.0522,0.121,0.0111,0.188,0.856,175.33,1
3htVOUt4zoFthJhqtJMGTo,0.545,0.714,2,-5.659,1,0.0562,0.675,2.52e-06,0.121,0.952,94.784,1
0NWPxcsf5vdjdiFUI8NgkP,0.346,0.768,9,-5.695,1,0.0377,0.00603,0.38,0.0244,0.532,169.492,1
11fNLqDB47gMKj7BHhR2Qr,0.709,0.62,2,-9.382,1,0.034,0.318,0,0.0426,0.936,93.723,1
3Qylbx7tZcsP9RggQ6umUh,0.548,0.675,4,-7.318,0,0.0364,0.448,8.53e-05,0.297,0.965,168.891,1
7jGzYUZ2Bgg8BDfYlQRfn8,0.453,0.658,9,-13.472,1,0.0539,0.741,0.0288,0.135,0.761,203.871,1
2CT08rpgdut8qQs7IAzMGi,0.374,0.991,9,-1.101,1,0.0813,0.38,0.000719,0.0929,0.51,95.105,1
3Z4ZuDrY684IFTBz2ze708,0.598,0.564,0,-6.454,1,0.032,0.216,0.000204,0.277,0.43,147.619,1
3oAWTk92mZBxKBOKf8mR5v,0.714,0.886,11,-8.629,0,0.0554,0.116,0.184,0.18,0.954,156.351,1
0zABw1PtGYHsU4VDpDZsra,0.565,0.953,9,-6.504,1,0.0393,0.0546,2.95e-05,0.0637,0.887,124.287,1
5WUgOOaTk00PnksDekcgcg,0.72,0.705,5,-6.82,1,0.0408,0.506,1.12e-06,0.147,0.775,106.332,1
02Y0CtzmhTLjTOg0cWvAhq,0.659,0.663,7,-6.353,1,0.0292,0.31,1.7e-06,0.0745,0.961,133.849,1
7DD7eSuYSC5xk2ArU62esN,0.534,0.725,6,-7.576,0,0.0332,0.188,0,0.0994,0.763,95.003,1
5ueyLj6e6oVaTY0KQ6yLaA,0.624,0.468,10,-12.162,1,0.132,0.881,6.35e-06,0.144,0.952,74.139,1
4GWHrdyVTC0AWwuRgoWzE7,0.507,0.627,1,-7.838,1,0.0354,0.575,0,0.198,0.962,175.309,1
3RZMzCvYsmJ0u2ioKTOsmJ,0.562,0.779,7,-6.705,1,0.0592,0.363,0.0292,0.066,0.967,119.602,1
0wz1LjDb9ZNEYwOmDJ3Q4b,0.55,0.854,3,-5.968,1,0.036,0.661,0,0.112,0.965,159.231,1
63VN1yQ8RcKMUVX4KMRsBy,0.547,0.806,5,-8.947,1,0.0418,0.569,0.000146,0.427,0.971,141.78,1
3Aimpqxpvmz7jhJlNnEd5c,0.865,0.512,8,-13.376,1,0.0521,0.049,0.0173,0.201,0.879,92.512,1
6xNwKNYZcvgV3XTIwsgNio,0.696,0.21,4,-11.922,1,0.067,0.84,1.62e-06,0.107,0.717,93.543,1
3v9xlH6BpmRbqL7hgNJhfT,0.39,0.625,9,-7.813,0,0.0537,0.36,0,0.0663,0.514,144.338,1
11ajcVj3qSyyMPUpTJUP3y,0.432,0.886,8,-3.991,1,0.0341,9.2e-05,4.74e-05,0.338,0.248,76.04,1
1Td7TGT1XtK2ojUjz1mGUV,0.532,0.759,1,-3.842,0,0.0319,0.000123,0.02,0.073,0.293,95.01,1
3aniWcwiiYKHpm3F5TdeKD,0.497,0.916,7,-3.323,1,0.108,0.000323,0,0.36,0.401,96.051,1
2Y4lgpOT0sPU1TiTmsbpZh,0.409,0.816,0,-4.59,1,0.0743,0.00384,2.86e-06,0.0932,0.385,164.841,1
6ZtrGCcn38kGImt2GPFbJB,0.599,0.787,2,-4.708,1,0.0338,2.07e-05,5.27e-05,0.064,0.822,114.065,1
1NkHDIbGjHqFjZJrdHjQGZ,0.569,0.891,3,-4.527,0,0.0671,2.42e-05,3.32e-05,0.32,0.646,116.985,1
7wU0SnptDXFEwyQbrSiSLF,0.171,0.962,9,-3.775,1,0.204,0.000106,0.000217,0.239,0.226,76.64,1
3I6ZE30l53hp0ZUC94sDG5,0.358,0.912,7,-4.736,1,0.0976,0.000456,0.000124,0.348,0.351,174.171,1
2Z1fwyUIhfq8MrxrR1yvsh,0.545,0.998,8,-3.645,1,0.234,0.0192,0,0.877,0.142,129.992,1
4lFOhx1hVbzOFQY7CLrThc,0.539,0.894,9,-4.483,0,0.0469,0.1,1.69e-05,0.1,0.509,90.004,1
3QSVzVODWkWzGeDOGHZW0F,0.51,0.726,7,-5.578,1,0.0359,0.00168,0,0.0647,0.228,140.017,1
1PXUZ5Cpat6HipfJkn31ng,0.506,0.9,8,-5.137,1,0.0414,0.000656,9.21e-05,0.467,0.348,150.009,1
4CEqDmkqD7illXHuym76V6,0.475,0.844,1,-4.448,0,0.0622,0.00012,0.111,0.221,0.554,156.136,1
6mfrK1kvsOjiiH64Ier962,0.112,0.978,4,-2.64,1,0.117,0.000108,0.0241,0.117,0.371,173.097,1
7fQox8Ere1HDm0jhSnsFHu,0.462,0.99,1,-3.175,0,0.211,0.000103,0,0.374,0.204,137.061,1
5icbZiF6lcuEORG0UzMsS2,0.473,0.749,1,-5.047,0,0.0287,0.000466,5.5e-06,0.0883,0.167,150.022,1
5mf3p8pyhLHoS4EWeD354I,0.546,0.919,2,-5.467,1,0.0568,5.31e-05,0.178,0.0833,0.383,99.972,1
7r5wep1TKafUObN3pEBFaW,0.56,0.772,6,-6.096,0,0.0836,0.0375,0,0.156,0.788,170.08,1
76CcaywQzcbgbDj7ovwXUO,0.425,0.907,5,-3.878,0,0.189,0.0035,0,0.275,0.606,169.993,1
6LGuck2Yrr9umH4fXUZSkT,0.451,0.887,8,-6.208,0,0.0695,0.000245,0.0231,0.203,0.436,92.954,1
45tCDAsDDxiCdyWCFtCjgR,0.508,0.958,8,-3.915,0,0.0451,0.000413,0.00347,0.0721,0.766,139.942,1
5T38ywOoK6b29fpbTrhwx3,0.367,0.877,7,-3.92,1,0.109,0.00108,1.08e-05,0.351,0.395,157.68,1
4II6MQP9Cv9PwwCoXBJevq,0.513,0.874,2,-4.902,0,0.208,0.00166,0,0.0647,0.2,149.823,1
1R8N3HYvfzEEHekrgV3Kte,0.595,0.604,1,-8.09,1,0.0412,0.019,0.0162,0.156,0.254,136.047,1
5Gb0fmr4k55Zj3OY9hbHhC,0.551,0.98,8,-3.755,0,0.0451,0.000899,4.16e-06,0.142,0.561,119.041,1
5q3ZvP6RUQdNxNuV8o38pJ,0.443,0.95,8,-5.158,1,0.0746,1.26e-05,7.99e-06,0.319,0.442,144.018,1
0CxrhLohV65mdYOlGX4Zw4,0.497,0.99,6,-3.436,1,0.13,0.000778,0,0.129,0.101,131.99,1
1iYuyIY76lni7UtucnXwWK,0.366,0.976,6,-5.481,1,0.113,3.51e-05,0.000523,0.27,0.217,169.982,1
5YVtM6pBdjRhPCr9iH2tMC,0.435,0.82,2,-4.694,1,0.0453,0.000217,1.71e-05,0.0884,0.146,152.051,1
2q9og3lbX4cdRaZMKVmlSY,0.648,0.931,1,-3.299,0,0.0562,0.014,1.24e-05,0.123,0.588,124.996,1
4UyoswHCt1WgJhPCrfX330,0.487,0.938,2,-4.07,1,0.0743,0.000122,1.74e-06,0.301,0.597,160.012,1
6GqqGv8frU7kqzXkm2rewI,0.664,0.828,0,-6.053,1,0.0404,0.00839,0,0.294,0.82,103.985,1
23wrmyJ1S2sjeh2dFN5P9k,0.478,0.667,1,-6.806,1,0.0537,0.000358,1.52e-05,0.121,0.248,105.799,1
3ZvQ4fLhVkzu7Pq4SXbFRA,0.508,0.94,4,-3.432,0,0.0407,0.000132,0.628,0.172,0.414,114.017,1
5guQjkjzpIMpX81VAZTHNy,0.582,0.692,7,-5.542,0,0.0564,0.000144,0.873,0.334,0.282,95.015,1
5UmHneYq5165Xpff7THbwM,0.615,0.821,9,-6.422,0,0.0647,0.00918,0.0193,0.219,0.391,125.039,1
13YKfODVMZi6Fo8uXzLFKO,0.558,0.902,2,-4.521,0,0.0451,0.000282,0.00237,0.101,0.57,160.065,1
3E67SH1aQjwRBvQ9jphK6c,0.527,0.941,8,-6.254,1,0.0795,0.0001,8.41e-05,0.168,0.393,105.003,1
3NMel0L1RZfekf2wLABmj2,0.375,0.895,8,-3.846,1,0.0605,0.0221,0.000244,0.661,0.67,172.129,1
35Xnqmru3rag7g5YndQblJ,0.595,0.938,5,-2.727,1,0.1,0.00162,4.09e-06,0.0412,0.765,121.928,1
7v6fVgqEbmbS8nmTvXb5nt,0.608,0.718,1,-6.488,0,0.0362,0.00136,0.0128,0.0878,0.3,99.266,1
6z9KX3D6JJvGp3cWovE425,0.769,0.598,11,-7.938,0,0.0432,0.171,0.195,0.0748,0.442,124.046,1
4fUovW11pjSPFTHVdFCJ8u,0.44,0.95,0,-2.365,0,0.187,0.00018,0.00239,0.356,0.421,126.041,1
6CGSjRcHCuLe16BiILvroK,0.544,0.991,8,-4.266,1,0.0682,0.000152,1.72e-05,0.182,0.322,97.781,1
1o0xrvMLi7h4koQn7l0F0V,0.446,0.97,11,-5.056,0,0.107,5.36e-06,0.104,0.317,0.238,124.065,1
07YAkI4MUIBku8cSJQ2Iz5,0.599,0.901,0,-4.842,0,0.071,0.000766,0.0154,0.0597,0.536,100.995,1
6qNbi16H71o7SloWlei4f3,0.188,0.971,1,-3.106,0,0.121,0.000297,0,0.0733,0.358,86.666,1
73EWNKLVPcffPM6OFQGzuA,0.531,0.904,5,-6.199,0,0.0728,8.54e-05,0.000166,0.12,0.51,115.019,1
5XA1aU35dfLWWLUxVh8lWV,0.419,0.775,1,-5.834,0,0.0399,4.74e-05,0.0268,0.168,0.503,176.005,1
2NITCj4ygwjDDUCt6us4QH,0.55,0.979,0,-4.088,1,0.0747,2.21e-05,0.0198,0.119,0.413,109.984,1
3vQVgISrydzyhwqWXtkPxW,0.445,0.675,11,-8.774,1,0.0315,0.00122,0.00799,0.233,0.318,164.99,1
4GssB27iJeqmfGxS94Tfij,0.461,0.897,3,-3.982,0,0.092,0.00821,0,0.0965,0.358,165.107,1
0YZEYxd1oiqZRFhnnmTKKi,0.39,0.939,4,-3.828,0,0.0787,5.08e-05,0,0.0968,0.495,161.997,1
6hfxBfQMYNvJi7muR32jT4,0.357,0.926,11,-3.872,0,0.155,7.14e-05,1.11e-06,0.378,0.306,139.91,1
45iZEbdiPMaJPc4KEmSnoF,0.435,0.948,7,-4.768,1,0.066,0.00041,0,0.411,0.523,101.951,1
5QPdOoWGVpk51zi8xhZq5T,0.475,0.889,1,-3.999,0,0.0608,0.00152,0.00042,0.0884,0.236,148.957,1
6kHDKPCxgANtgHbZ84Lc0B,0.498,0.949,11,-4.367,0,0.0575,0.000324,0.0232,0.0783,0.517,95.027,1
5OxclJsdFESni44YlpNpkR,0.589,0.797,9,-5.464,1,0.15,0.0289,4.35e-06,0.383,0.232,102.489,1
3oQYe7FdyIzyQXZtoO0TPc,0.183,0.847,7,-4.126,1,0.0664,0.000692,5.03e-06,0.164,0.416,92.09,1
1TR1KgInMmVlpCI6QWg0Ze,0.53,0.896,1,-4.426,0,0.04,0.000241,0.0222,0.271,0.543,128.005,1
0UOtF2ojhKGYEjvZ28ZA6d,0.492,0.93,2,-3.826,0,0.0396,1.17e-05,0,0.307,0.431,126.039,1
4IF5tqSLknKGYp0uQPZw6P,0.281,0.941,10,-4.448,0,0.115,6.8e-06,7.92e-06,0.346,0.553,140.048,1
2b0ki4EJ3WhObwx30dyIdf,0.544,0.918,2,-4.03,1,0.0509,0.000487,0,0.409,0.6,95.021,1
6TSMkVQwaZjoaiPHEI48Z2,0.228,0.69,9,-7.707,0,0.152,0.00624,4.95e-06,0.15,0.16,192.193,1
23nUxEzx3pCaxLPBB9MwPE,0.407,0.932,11,-6.252,1,0.113,0.00363,0.346,0.229,0.173,102.954,1
2DS4qUfuEvFljkXZXka2pu,0.508,0.946,10,-4.129,0,0.0929,0.014,0,0.213,0.569,162.019,1
5RkRWueNivukEN8yNQwNA3,0.189,0.878,11,-6.256,0,0.153,1.67e-05,0.00126,0.13,0.379,170.045,1
1DKAjHZD5QDq9tAwiZhhCX,0.409,0.842,1,-5.35,1,0.0304,1.03e-05,0.0393,0.182,0.576,185.929,1
74SEdRYWaNerEpJZZW3VBs,0.395,0.934,5,-3.581,0,0.0757,0.0797,0,0.245,0.628,169.914,1
473gsXF8axYSsplgUfnbXf,0.386,0.92,6,-2.906,0,0.306,0.00304,6.56e-06,0.341,0.518,156.991,1
4M7oDScM3tWQUpQcegjPuI,0.545,0.86,9,-4.053,1,0.0383,0.00347,0.000344,0.0884,0.5,90.004,1
2difkxoCWFI8heCIu8deOE,0.44,0.872,7,-4.9,0,0.0792,0.0102,0,0.13,0.389,159.854,1
6I10pyraPKbTSMLoBwdblm,0.524,0.896,0,-2.425,0,0.0488,0.00938,0,0.104,0.376,91.537,1
7BPK61iM3LKNMv1qVOjIyf,0.216,0.924,7,-4.783,0,0.0888,5.44e-05,3.56e-05,0.308,0.413,169.466,1
5rMJJPGNeRzouxRbeo7src,0.821,0.366,2,-6.544,0,0.0339,0.804,5.53e-06,0.0973,0.498,119.931,1
78fUyqhfdpL5aaD12QSGCi,0.372,0.479,2,-8.218,1,0.0411,0.00173,0.00018,0.147,0.08,175.134,1
1Sa0v0Ou5Mh7uHIexYfLnl,0.421,0.962,2,-2.941,0,0.135,0.0193,0,0.504,0.602,159.95,1
2hVKFfp7Rmr2XPK31jFCrX,0.471,0.947,0,-3.062,1,0.112,0.00065,1.42e-06,0.305,0.524,164.04,1
1GJKgHn5KAAiyWvH7H0sRM,0.447,0.988,2,-0.846,1,0.446,0.0164,0.000833,0.0727,0.113,179.968,1
6pR3NxgHtficTizsYVRRmX,0.477,0.905,5,-3.892,0,0.0689,7.12e-05,0.000517,0.0959,0.493,93.998,1
2NVrALq8HUj3Y0NKC4AjGw,0.475,0.922,11,-5.136,0,0.0452,0.00738,0.0218,0.07,0.535,154.99,1
6Uaqf3LCwuVebfm5u3ndq9,0.456,0.813,6,-6.663,1,0.047,0.0111,0,0.174,0.619,157.031,1
3fpCZoaDWilzC5Nhb9MpHv,0.364,0.971,2,-3.134,1,0.162,0.00346,0,0.24,0.163,140.159,1
00i9VF7sjSaTqblAuKFBDO,0.409,0.877,2,-5.865,0,0.0602,0.00329,0,0.222,0.403,177.928,1
0xvvmc0Akzpd1C8CAI21f9,0.474,0.87,4,-6.506,1,0.0732,8.09e-05,0.127,0.176,0.506,135.009,1
0uI52jGhm25C2Pp5t5gWSX,0.532,0.984,4,-2.782,0,0.0967,3.96e-05,1.48e-05,0.153,0.269,101.49,1
5rbdYiQwzLpHxBOQsJrMsE,0.389,0.922,11,-5.196,0,0.112,1.84e-05,0.000488,0.125,0.309,171.003,1
2MwZB139D4vzs59l2iL2rJ,0.431,0.96,7,-3.307,1,0.134,0.00688,0.000264,0.34,0.41,175.924,1
4Ht85k8iAMpWd2ZOpEvfgj,0.52,0.674,11,-8.68,0,0.106,0.00891,0,0.278,0.376,180.048,1
5yIHw5bnDscFViNtQRPlNn,0.37,0.924,7,-2.283,1,0.0846,0.0077,0,0.183,0.282,159.723,1
5Y2myqmZH2D83n04mbznFe,0.493,0.943,4,-3.321,1,0.0608,0.000679,0.00897,0.134,0.493,96.997,1
7gDi3mxcBa0QXRZ20uWXMb,0.47,0.967,5,-4.526,0,0.0792,0.000164,0,0.142,0.331,86.047,1
4c4ZY9WjtHmeiCuFmsGT2K,0.36,0.84,5,-4.744,0,0.0379,0.000172,5.71e-05,0.116,0.286,188.018,1
100lHmeZbp3OvinYgotmVc,0.6,0.639,11,-7.705,0,0.0388,0.00062,1.85e-06,0.249,0.513,119.962,1
3bTJRzsVHaL4JOmmNX4Cm3,0.472,0.63,5,-9.556,0,0.0369,0.00131,0.0012,0.161,0.511,151.913,1
7AUF59Aa05cbLrlMEbMgy5,0.507,0.945,11,-2.77,0,0.0596,5.69e-05,1.47e-05,0.109,0.566,99.956,1
69pOaF9WArEoUCt90NiDdT,0.504,0.943,1,-5.532,1,0.0622,4.67e-05,1.96e-06,0.594,0.0983,91.036,1
3kXJttaLz9u8ZBidfdmDMk,0.405,0.87,11,-5.698,0,0.0455,0.000203,0,0.0693,0.371,76.52,1
5R1jqzHN5H7sJ47hJxLsfQ,0.459,0.859,5,-5.858,0,0.0492,0.000792,0,0.0729,0.408,100.107,1
2bpe33IJRI71OCfL6vkESi,0.473,0.974,5,-4.932,0,0.114,0.00163,0.00825,0.0659,0.228,94.935,1
5EfK3DZoPOzmVmN29GJKIm,0.71,0.677,7,-8.186,0,0.0316,0.00805,0.0931,0.112,0.467,127.037,1
0wGv595Z2XDF9ZFbrbQqqH,0.648,0.864,7,-4.136,1,0.0335,0.00129,0.0296,0.0368,0.354,122.014,1
5eR6OS3joTAHJToyzehKfu,0.767,0.694,1,-5.059,0,0.0384,0.0629,0,0.32,0.78,112.012,1
2tono51k7WmcMuMmUkff0q,0.455,0.663,2,-5.233,1,0.0326,0.248,5.06e-06,0.158,0.236,153.932,1
6nipZlJiUvI0I7lCf1Z7Li,0.548,0.971,9,-3.915,1,0.16,0.00324,0.000388,0.065,0.373,135.028,1
1fjygBqOg8E1t6RnYu5GIC,0.515,0.859,11,-6.103,0,0.303,0.0117,0.0227,0.127,0.605,150.067,1
2xhpnTyhinktiHD3JFdZOC,0.384,0.921,5,-3.609,0,0.0489,0.0125,0.108,0.152,0.446,171.036,1
3MTfE3Mo3lfwAymYLU2luX,0.536,0.845,2,-5.765,1,0.0615,0.0033,0,0.0465,0.6,159.953,1
4lE8AJsMIEMpXqEZlVVa4n,0.473,0.749,1,-5.047,0,0.0277,0.000466,5.5e-06,0.0883,0.172,150.021,1
4v2Bq0xDB7uNN73I5b44Du,0.472,0.811,8,-5.121,1,0.0612,0.000839,0.000143,0.373,0.637,164.991,1
3k0YJnqMKRZb8swo86vCkq,0.691,0.77,7,-4.578,0,0.0367,0.0282,0,0.497,0.344,90.024,1
0rUTQPibpskoXRrKjbGZjo,0.373,0.871,2,-3.706,1,0.0622,0.00115,0,0.4,0.201,127.413,1
3k0iCsB9pZJ86yVWwQ16jS,0.472,0.903,9,-4.838,1,0.131,0.0326,2.71e-06,0.0664,0.449,119.014,1
3G9fYjQGl3VVLREAYyQ1c3,0.607,0.946,1,-2.965,1,0.15,0.00548,0.00039,0.278,0.653,120.011,1
04nqh41iiGhpEDgAEoiuua,0.614,0.824,1,-4.963,0,0.0519,0.117,0.00716,0.338,0.172,150.028,1
0tyR7Bu9P086aWBFZ4QJoo,0.369,0.845,0,-3.449,0,0.0611,0.0493,0,0.416,0.782,78.532,1
5XTKO227Jtu81Ni41Fi9Gj,0.539,0.887,2,-6.935,1,0.037,0.0161,4.18e-06,0.267,0.448,100.017,1
0EdYGWGB9PfKIm5MU0Mk6x,0.518,0.838,1,-5.4,0,0.0999,0.0247,0,0.349,0.688,160.017,1
1rMQspcZOdnHUwGuxzDufu,0.654,0.78,11,-5.407,0,0.114,0.00319,0,0.243,0.378,118.057,1
1FBereoGKCn8BKqKheYw1z,0.409,0.943,10,-4.056,1,0.0598,8.56e-05,0.105,0.0938,0.438,131.899,1
0Gz0WxGMpNkKYwI64VOfAF,0.504,0.938,8,-2.696,0,0.0583,0.00743,0,0.0741,0.612,145.91,1
2kFKIFc5RSTlhuGed6ZNZ7,0.315,0.826,7,-4.315,0,0.0644,0.000621,0.000669,0.0703,0.359,139.163,1
0sjOX1TrYGzbieHCizRiN2,0.229,0.888,6,-2.641,0,0.097,0.00258,1.67e-06,0.365,0.268,156.254,1
2SD2zj8W5zKMdjCCJFF0vQ,0.268,0.811,1,-4.06,1,0.0409,7.61e-05,0.00122,0.0651,0.295,101.041,1
2FvpqWYZ9mFicTENPtlTRc,0.368,0.847,2,-3.892,1,0.0866,5.59e-05,9.24e-05,0.197,0.459,174.093,1
7IY2JF7AlVN5uvIUBVnSJd,0.442,0.689,4,-5.289,1,0.0251,0.00458,0,0.11,0.208,89.001,1
5hQZDntIU1PbXhmH94kZoM,0.539,0.832,1,-6.53,0,0.256,0.0101,0.00437,0.638,0.287,76.503,1
043IjYujEo3sEDuaBtWzu0,0.529,0.767,1,-5.847,1,0.0407,0.00069,0.00206,0.37,0.299,87.462,1
1YsPiKqxgsQjp1KR4Anhlp,0.552,0.673,9,-4.9,0,0.0298,0.00553,0,0.114,0.174,89.993,1
1g2EX9dYsIfpkpvbvby2g6,0.429,0.964,2,-6.165,0,0.0901,0.000453,0.00268,0.191,0.206,146.048,1
7mQrqwfuRTaRDAVEdb4N6Z,0.515,0.735,1,-2.972,1,0.0388,7.08e-05,0.00535,0.286,0.456,128.026,1
7oXIbtib1VHQAJCvuSg3rx,0.515,0.942,2,-4.131,1,0.0718,0.000254,0.000192,0.0932,0.707,95.009,1
2w1PqXuQG6Fjum7259GzO8,0.747,0.842,0,-2.912,1,0.0489,0.000583,1.68e-05,0.0785,0.558,129.976,1
2loEXJRB5ExGcUHYX365R5,0.723,0.927,6,-4.326,0,0.106,0.125,0,0.0648,0.874,98.017,1
3GSMJpuz3rFU8WtCws1rv5,0.399,0.87,1,-4.91,0,0.0532,0.00359,0,0.361,0.298,149.081,1
3VTlWV4YoSgVvyfJI0IMZR,0.528,0.929,4,-3.346,0,0.051,0.0102,0.00166,0.334,0.653,102.994,1
7n3u7RrzdXGVcclBEp9aSa,0.597,0.646,6,-7.378,0,0.0344,0.28,0,0.111,0.364,126.951,1
2Rr1INov0ckj7bLTsk9LV1,0.543,0.881,9,-3.035,0,0.188,0.0263,1.41e-05,0.107,0.397,125.009,2
1Qw4FBX30bGdutJ19HBD7T,0.64,0.796,6,-5.141,1,0.0606,0.0233,0,0.239,0.164,122.905,2
20McUFi8KCIVdNDLrkTDuZ,0.767,0.659,1,-7.429,1,0.0444,0.325,0,0.13,0.439,124.946,2
5WNa0eaGNwQ1ZXTHVlULpd,0.773,0.652,11,-9.187,0,0.0807,0.143,0.024,0.44,0.453,126.007,2
5WYB4aZkflwjAApBoDCYkz,0.697,0.81,6,-5.128,0,0.0669,0.0424,0.000233,0.322,0.558,125.979,2
6ft4hAq6yde8jPZY2i5zLr,0.632,0.595,8,-7.644,0,0.0401,0.0689,0,0.209,0.435,124.114,2
3DTqHfTGj1c6y2gDXsTez4,0.749,0.82,7,-6.114,1,0.0478,0.0205,0.000685,0.0775,0.534,120.066,2
27bZ77uG7mEhydpaPvThR6,0.751,0.783,10,-7.974,0,0.0332,0.176,0.000933,0.114,0.398,123.998,2
5o1JjtIuYRXBoea4WBZGDc,0.679,0.449,3,-12.211,0,0.0491,0.303,0,0.302,0.333,107.965,2
27ITlhgZIx0ZYwaLYYDBsi,0.795,0.783,6,-4.715,0,0.0773,0.239,2.93e-06,0.0488,0.864,122.98,2
39umHdGKfpnjY4TFtnoQ51,0.712,0.891,6,-2.76,0,0.0401,0.00415,0,0.258,0.735,126.012,2
2aOK6TRYn4DneIBHJOAQ4r,0.726,0.759,9,-5.107,0,0.0428,0.164,0.000448,0.0891,0.56,123.923,2
48fPdAwGVoSkGK8GSez9yx,0.768,0.908,5,-5.014,0,0.0486,0.184,0.546,0.0583,0.423,120.042,2
7CH8J4ulT49UfZwSDSkSZA,0.668,0.726,9,-7.512,1,0.0468,0.0387,0,0.134,0.453,124.075,2
6KddlPfPQ0L8MyffEpo63p,0.567,0.738,0,-6.03,0,0.154,0.0129,7.27e-05,0.207,0.432,121.936,2
67rWoODE6VWSYz0ECqJWVS,0.78,0.844,8,-5.726,1,0.17,0.0616,0.000479,0.146,0.371,125.005,2
5seWZTjT0U8a7cy3Y5NJQ9,0.759,0.845,6,-6.794,0,0.0421,0.0699,8.65e-05,0.215,0.694,124.0,2
0Xrw7A3e4ZvqZxwsaCuO7U,0.675,0.928,1,-6.09,0,0.0443,0.000973,0.523,0.225,0.75,121.793,2
14ngWWxvUSnIMXgF6rzSk1,0.798,0.828,2,-5.36,1,0.193,0.0247,2.55e-06,0.121,0.6,124.962,2
0yU8ftsMI0LDMtee8TDsDR,0.849,0.682,7,-6.241,1,0.123,0.0197,0.00143,0.0996,0.928,121.997,2
5ad6HGAiatmKHXMI0OSodk,0.797,0.66,5,-6.883,1,0.0816,0.0112,0.00739,0.297,0.317,122.02,2
5D246C2tLKCTeZgcsRfvcA,0.846,0.554,8,-8.753,0,0.0559,0.044,0.000367,0.0797,0.784,113.968,2
6f3Slt0GbA2bPZlz0aIFXN,0.798,0.62,8,-7.079,0,0.232,0.414,0.0192,0.112,0.235,120.031,2
0pJDnLRe38vYS1zAhpsESV,0.638,0.907,5,-9.357,0,0.0424,0.0208,0.855,0.107,0.0362,124.007,2
17zdyEVw9oe9FBDevjOl5c,0.659,0.76,10,-12.506,0,0.0381,0.176,0.109,0.135,0.0519,122.0,2
0GTPmh5G40joBg93vcSQNq,0.698,0.719,0,-4.923,0,0.0455,0.00829,4.01e-06,0.326,0.364,120.062,2
7C1trmcQQ5n5RNy4l6ziCv,0.682,0.7,6,-5.591,1,0.0397,0.406,0,0.174,0.637,120.03,2
4Np4NOxEBsYvPNBZ8W0BDu,0.679,0.707,2,-11.453,1,0.04,0.00634,0.855,0.18,0.258,120.007,2
5VNcKdmfAAsfbxbuo1Y7Vl,0.687,0.645,0,-4.745,1,0.127,0.0688,0,0.114,0.732,93.76,2
6Skh3CBum0pZw9TOr7FQnX,0.497,0.757,11,-4.189,1,0.127,0.0449,0,0.119,0.507,169.902,2
133YafRPaKLYCR28FSbN4M,0.471,0.895,11,-6.622,0,0.0458,0.0435,0.00747,0.105,0.114,122.954,2
1bmvJkAA8Yz9bv6y3WOj3U,0.793,0.701,2,-4.764,1,0.0428,0.00544,0,0.164,0.62,123.964,2
5k1uIPpsHmnbWFr4nbpdYb,0.637,0.868,1,-4.921,0,0.0555,0.0426,2.12e-05,0.288,0.444,100.048,2
5whiPPRn248jYANBCMzQoB,0.728,0.898,10,-4.652,0,0.125,0.0433,0.0536,0.261,0.502,125.974,2
0WDHsTEgyvjw4EM24O0Tyd,0.684,0.873,0,-4.94,1,0.0644,0.169,1.53e-05,0.117,0.374,125.906,2
06kxa3al7bUqRRo5nAFduZ,0.494,0.651,11,-4.127,0,0.0384,0.0819,0,0.104,0.162,149.979,2
5QUbOFOkbDlt4ZY7bdL4Am,0.746,0.576,11,-4.796,0,0.0345,0.0204,0.0811,0.0959,0.0769,123.036,2
0Y9qJSwdV2LvPnFmAbNIc8,0.595,0.752,0,-5.232,1,0.097,0.58,0,0.105,0.758,199.971,2
6lP1UrOucq5sIXl6scYAHS,0.766,0.814,8,-4.131,1,0.0325,0.0304,0.000139,0.0719,0.308,124.017,2
6IiCb4PCrDgqLuDWgHhFi7,0.64,0.683,2,-4.309,1,0.0434,0.169,0,0.109,0.4,146.058,2
6HjdL6nsBMykh2ehTv1kbb,0.573,0.855,5,-4.447,1,0.0413,0.00207,2.03e-05,0.39,0.15,125.001,2
1tmmuHXXaI7gbQm88iw14j,0.535,0.813,0,-4.856,1,0.0613,0.0287,0,0.126,0.31,121.944,2
055Mme9ReKK99jRFA5UJ55,0.693,0.913,0,-3.035,1,0.0298,0.0542,6.87e-05,0.231,0.795,123.989,2
3mvwfSbI3vM5mu7D9RDfFh,0.767,0.858,5,-2.716,0,0.0636,0.00135,3.04e-05,0.188,0.634,118.979,2
3xj8PgXVSPRzG1Fo8g9kb7,0.548,0.749,4,-6.484,0,0.0386,0.0159,9.52e-06,0.171,0.224,124.006,2
4hGZ3RITe8oHRKeancaA1h,0.805,0.758,5,-6.936,0,0.08,0.117,0.000333,0.286,0.179,121.019,2
1gAPybZsQhhr7L8WgDneyj,0.82,0.948,4,-3.154,1,0.092,0.00374,0.943,0.068,0.551,123.991,2
3qY5bS9bKs5HedrAiWfP6x,0.885,0.725,9,-6.52,0,0.0631,0.104,0.585,0.0738,0.759,120.0,2
0jEcG9tyrn0gL2IPTNTMKl,0.672,0.857,6,-5.456,0,0.0428,0.0976,0.000111,0.679,0.303,123.966,2
17bGtGqqaXOgVnhnfx5NlE,0.641,0.529,6,-11.536,1,0.0288,0.00441,0.000862,0.0809,0.449,121.027,2
6cx06DFPPHchuUAcTxznu9,0.734,0.874,8,-3.158,1,0.0662,0.168,1.14e-05,0.0489,0.905,122.953,2
0DmAvNCAK08oCi7miSZUIY,0.676,0.786,1,-4.529,1,0.0478,0.197,0,0.0943,0.483,125.983,2
3vNsOdrDl6UbCv03oqLvUx,0.65,0.738,4,-6.46,0,0.158,0.0539,0,0.206,0.336,119.827,2
6dMZduF6Qs2WiSzQs7gqk5,0.618,0.802,9,-5.743,0,0.0312,0.828,0.388,0.228,0.681,122.003,2
5HFPK8mcO6BGPZNeZPZI5L,0.584,0.865,8,-5.951,1,0.0321,0.00112,0.433,0.122,0.0743,126.003,2
3HYCPBUC827RcXZsfwAU4l,0.867,0.665,7,-8.802,0,0.0639,0.000713,0.323,0.286,0.55,126.005,2
5L9q6ezwkinZ47fUwj2Jfl,0.89,0.548,0,-9.455,1,0.171,0.136,0.666,0.108,0.706,124.031,2
5DF2KFDVeC7wF5CXipl9WN,0.711,0.876,5,-4.144,1,0.0551,0.145,0,0.116,0.706,122.969,2
3Be7CLdHZpyzsVijme39cW,0.75,0.664,8,-5.908,0,0.154,0.275,0,0.0632,0.617,105.023,2
3rgTS3933lMWoPiN6CW4qY,0.744,0.866,9,-4.834,1,0.106,0.0107,0.0537,0.528,0.302,128.027,2
73X9X7kDgsm4YeHpc8prf6,0.819,0.599,11,-6.778,1,0.039,0.347,0.824,0.083,0.489,127.986,2
7eJqLdEQ96D5Xzc406xkeZ,0.473,0.929,3,-3.825,0,0.0406,0.00353,0.000289,0.113,0.771,160.076,2
277xBb6mGl8yNEY3tjntiP,0.897,0.827,11,-5.465,0,0.165,0.0905,0.036,0.112,0.529,130.004,2
3vIPdMmbsye0YMhXy4GeXt,0.728,0.799,4,-2.838,1,0.0446,0.0655,0,0.113,0.309,123.109,2
6xB0rPxU3ncmMPgGDaD24M,0.726,0.799,1,-3.776,0,0.0678,0.121,0,0.181,0.522,118.014,2
7k3uKOLzMCvYM00E3QZTSq,0.7,0.764,9,-4.836,0,0.0314,0.0247,0,0.162,0.424,125.02,2
5KodOrv9iFso1iYp82eVhF,0.688,0.717,1,-7.04,1,0.0365,0.0157,0.257,0.107,0.87,124.966,2
2MlOUXmcofMackX3bxfSwi,0.88,0.483,1,-7.012,1,0.0504,0.0185,8.75e-06,0.0607,0.827,124.009,2
3SXRZuCEGbbxsPiHyqwWuG,0.639,0.631,5,-10.686,0,0.033,0.00833,0.146,0.119,0.197,121.968,2
5Rse8If81NbzXL1ARjHOTB,0.686,0.867,6,-4.396,0,0.0449,0.0397,4.18e-05,0.396,0.691,126.068,2
5teUF4mrvsIEnKILsrNyNH,0.646,0.868,3,-4.316,0,0.0513,0.137,0,0.583,0.693,125.022,2
5Y3ajUQ28XPaXsMIlVH1Bv,0.829,0.718,1,-5.888,1,0.0518,0.00238,0.012,0.0746,0.538,118.048,2
4WZkUCTbsSB7ivrZhHy9YF,0.382,0.601,1,-6.899,1,0.0799,0.413,0.0495,0.379,0.105,130.98,2
6UcQPAH459nMfAXAvV9Udc,0.55,0.791,6,-5.543,1,0.0494,4.44e-05,1.02e-06,0.103,0.321,128.034,2
50v2TSRV31bwpAPkjWejNL,0.757,0.813,10,-4.661,1,0.0438,0.0459,0,0.0741,0.668,121.034,2
4eVU4U063iMLFJFXb9kzkb,0.797,0.672,8,-6.135,1,0.0477,0.0442,0.0027,0.149,0.561,131.978,2
03BNYIFys3mkjnc0kqNDIS,0.879,0.483,1,-5.164,0,0.0519,0.0292,0.000258,0.08,0.433,120.029,2
4DBLAy03Xk88LOVtrOQ1RD,0.588,0.8,0,-7.875,0,0.0377,0.00782,0.000819,0.289,0.263,124.001,2
0NHBjddjKTkJQvEb5oTilt,0.771,0.729,4,-7.554,1,0.0372,0.313,0.00452,0.236,0.689,124.047,2
4IKa5EKTmhKvV1wuTJf9Eq,0.605,0.873,11,-6.267,1,0.035,0.0352,0.0041,0.0644,0.343,122.998,2
3JsmrruMp8AWcbEZ4342JY,0.7,0.816,7,-5.439,0,0.0361,0.091,0.119,0.0729,0.632,123.986,2
4xZax8srPgsXV2mpMerqEk,0.68,0.95,8,-4.595,1,0.182,0.00203,0.538,0.552,0.14,134.982,2
3ijMfK5xwJTDdeyJp72mPM,0.733,0.693,11,-8.165,1,0.0326,0.0127,0.066,0.089,0.104,126.006,2
2rUsJXt4NeeDiIU6sBvrxo,0.803,0.796,6,-5.077,0,0.0343,0.0522,2.69e-05,0.25,0.549,114.95,2
7d5wXNOlF7TGZayKu0h12F,0.496,0.868,6,-4.577,0,0.0984,0.305,3.9e-05,0.16,0.237,169.861,2
02dPa4nXABwnFzjZosKxsk,0.494,0.938,3,-4.828,1,0.0402,0.00117,0.952,0.118,0.17,127.004,2
5VDnV2q6OrlrPsHsDZtIP1,0.656,0.902,8,-9.453,0,0.0403,0.0793,0.871,0.0472,0.434,121.015,2
320nFPk23PxsRoEFeOMNgy,0.501,0.842,9,-3.579,0,0.0343,0.0191,0,0.553,0.256,127.953,2
22y2mqIBERBviZF0fa86iw,0.628,0.814,1,-5.743,1,0.1,0.0277,2.34e-05,0.138,0.107,125.016,2
0O5dd0a3OoC5QhLwAcUSTn,0.696,0.872,0,-5.0,0,0.208,0.256,0.00552,0.268,0.482,123.955,2
2lLq1Ah7lTA4P3SA2OPAsi,0.76,0.638,2,-11.96,0,0.0373,0.234,0.000847,0.136,0.502,132.062,2
5G8T8JFhuGVG9aOPLaIzIx,0.676,0.606,0,-5.878,1,0.0382,0.0313,0.00038,0.106,0.113,123.94,2
7bTN2ZFftsLk8TELDOxKqB,0.634,0.799,2,-8.918,0,0.0323,0.027,0.0344,0.128,0.0455,119.994,2
0cWDechbo7Tmf6nk0QRLhI,0.782,0.732,11,-5.544,0,0.124,0.059,2.33e-05,0.163,0.668,119.969,2
5emTyRnoMTLc9G44RR6XIE,0.623,0.874,11,-6.782,0,0.0683,0.0197,0.0408,0.265,0.0512,127.976,2
6DrbW5cFbwb1JHcdAXO8tD,0.609,0.834,10,-5.588,0,0.0722,0.00924,0.000243,0.307,0.351,126.077,2
1w8DxFHDDInmn5TovLKKrW,0.704,0.745,11,-7.664,0,0.0448,0.00135,0.741,0.234,0.0511,128.002,2
1EHgCTp5LuW5Rlt7IruwCf,0.694,0.715,1,-9.325,1,0.0788,0.000802,0.553,0.175,0.509,125.008,2
039VxfSo5FErqE65169VZL,0.701,0.802,2,-4.771,1,0.0451,0.00059,0.819,0.332,0.365,124.025,2
5VL2XTEiThJ4auCKBZ44R8,0.815,0.987,1,-4.8,0,0.0751,0.00516,0.492,0.0249,0.744,124.997,2
06O0jpmcM916FT7I4L8O5Z,0.777,0.942,8,-6.409,1,0.0454,0.00359,0.219,0.338,0.85,123.983,2
1dK5t2UGFfEAY7vBDb75Gz,0.705,0.744,8,-5.871,1,0.0417,0.017,0.309,0.283,0.726,124.002,2
1EpF7SUZOEdYXAJF6QC43Z,0.954,0.828,5,-7.593,0,0.207,0.0139,0.0459,0.129,0.74,128.045,2
4muUXLYIrhCXtFsPogjIcn,0.639,0.788,11,-6.965,0,0.0545,0.0146,0.348,0.651,0.399,125.955,2
3ydFRJUABULlXklU1M24TV,0.727,0.749,2,-5.811,0,0.0327,0.184,0.00666,0.105,0.466,125.056,2
0KJAVizRhvcLNd2f8QxhdI,0.691,0.661,2,-3.263,1,0.0348,0.00222,0.0258,0.207,0.635,126.021,2
2sEZIvBLWMPljdtrWakv9D,0.751,0.903,7,-7.164,1,0.0626,0.00661,0.836,0.107,0.726,125.008,2
1dQtt3K8GyPmH7ZD1LJ2ox,0.803,0.902,1,-2.934,1,0.0676,0.00533,0.667,0.111,0.628,126.999,2
10bmUjdCwAcLNMaFs6BLNO,0.767,0.818,10,-6.224,0,0.0458,0.0288,0.00243,0.0732,0.365,124.968,2
5V55t8Ss6n1zU9ScKrdYwP,0.885,0.775,6,-7.298,1,0.0459,0.00437,2.44e-05,0.0171,0.786,130.007,2
7MtJ0dU4m3F6JQG9qdyaPk,0.477,0.784,8,-3.598,1,0.0549,0.108,0,0.135,0.504,79.887,2
2cE7I6BIi2GaVi5y0YYd5F,0.688,0.852,11,-4.73,0,0.0332,0.464,1.49e-06,0.147,0.519,124.969,2
0yjxW8s0Uuk9uKi0Nh9B7T,0.366,0.802,5,-6.695,1,0.0357,0.0228,0.644,0.248,0.23,123.889,2
4kd8NJrrfzzPvarSre2yAu,0.673,0.793,4,-5.265,0,0.0391,0.00542,4.1e-05,0.104,0.352,125.028,2
7zBFSexzY0VEmmeBmrq3R9,0.68,0.961,9,-5.653,0,0.0423,0.00177,0.0646,0.569,0.855,127.971,2
0jsc7t9YMrFxeLWh0w7mKb,0.764,0.816,5,-11.291,0,0.0668,0.00264,0.789,0.0893,0.67,128.012,2
64NGjHW1w5Kl42xEKdqi6o,0.538,0.624,6,-7.54,0,0.125,0.307,0.0429,0.497,0.562,114.276,2
63lOP9C3UVMbKub3v3ZgaO,0.738,0.66,0,-6.369,0,0.0436,0.268,0.00666,0.111,0.435,125.985,2
1pVzZpOwOi4MSNv5vfG1u8,0.623,0.928,6,-5.368,0,0.064,0.00608,0.129,0.078,0.351,124.985,2
6pKeuJDicz6NTYxXLOyxQG,0.62,0.905,8,-4.903,1,0.0458,0.00336,0.0129,0.434,0.35,125.005,2
13rtgTDK9w1clbgXpGuW3y,0.458,0.724,8,-3.706,1,0.0478,0.367,0,0.0912,0.18,172.79,2
02T6r1FheCaKwnJUwNJ04I,0.705,0.917,5,-2.727,0,0.081,0.0695,0,0.164,0.71,119.98,2
07VgPYDFlM2fVHeXAeM9gT,0.737,0.911,2,-5.254,0,0.0333,0.0676,0.319,0.365,0.766,123.977,2
6fnRnzuM1Fiyz8i2WBmsUH,0.678,0.875,11,-5.99,0,0.0792,0.0174,0.0525,0.0468,0.811,123.971,2
0mDINHqydpdNSyPKPCxB7z,0.806,0.744,9,-6.454,0,0.131,0.074,1.05e-06,0.142,0.248,124.062,2
3yvHcaY61FpeSiLiHiIST4,0.717,0.627,8,-8.198,1,0.0966,0.00974,0,0.222,0.437,125.965,2
0fNB68ohhRoSqUaVlr4KvI,0.793,0.904,0,-4.526,0,0.281,0.129,0,0.0906,0.619,125.953,2
2CrKPgTinZordfA9xfhjQC,0.527,0.723,1,-11.119,1,0.039,0.436,0.903,0.12,0.0359,119.987,2
0NQNJDRlvB1x4NzbapbcIg,0.678,0.877,2,-7.007,0,0.0496,0.0226,0.00943,0.193,0.119,124.995,2
79F6Ae8dHw4ZD1B0e4J6Sx,0.811,0.716,0,-9.249,1,0.0464,0.0367,0.847,0.0642,0.763,124.024,2
5aFD0QPy4BQqUq39l0o5HD,0.73,0.398,11,-13.638,0,0.0465,0.096,0.0458,0.0933,0.419,121.944,2
7qERcHhtCTltMIGZl4nmYp,0.794,0.633,7,-8.97,1,0.182,0.16,1.47e-05,0.152,0.323,127.97,2
3z1dEJDO6Tef586oiJX1vx,0.65,0.919,8,-2.673,0,0.0571,0.195,0,0.0693,0.408,127.982,2
0kw9ZHlFNULgpGGTx2JgH5,0.682,0.914,4,-6.72,0,0.0923,0.0584,2.07e-06,0.0609,0.453,119.985,2
6ytVMBHu1ZXvaBvufHCBOX,0.775,0.877,9,-9.12,1,0.103,0.00256,0.25,0.0738,0.401,127.028,2
36h65e9IteCo7PPvkBZUyl,0.669,0.893,5,-5.041,0,0.0396,0.0216,0.0011,0.248,0.713,124.04,2
3J0vtBWWTwKUzwgvQrR4yM,0.87,0.387,0,-11.211,1,0.579,0.54,0,0.2,0.71,135.858,2
4aDNVKgHDrWUMQSwXwFaAo,0.879,0.849,1,-6.382,1,0.0563,0.00281,0.00708,0.114,0.818,124.969,2
3V3ijKDFFwPM9ADBAW41XQ,0.676,0.82,4,-5.347,0,0.061,0.00113,0.199,0.104,0.553,129.991,2
6f5poip83ZMjEQQdTYwGtx,0.813,0.749,6,-5.761,0,0.0575,0.0313,0.00011,0.354,0.768,124.004,2
4m7a7Sul0F0JfMk2YyzMxm,0.866,0.928,10,-4.517,0,0.0787,0.152,0.000193,0.0905,0.864,125.991,2
6VfKN3j3Cqb7nMWZPIX3bJ,0.737,0.681,10,-10.063,0,0.0536,0.0401,0.0011,0.31,0.799,124.023,2
7Fija4DerahoDRmSEzS6dl,0.747,0.896,10,-8.409,0,0.0402,4.15e-05,0.891,0.0611,0.304,126.998,2
78Bp9xHaCXPFeyhy4CVE0f,0.65,0.85,5,-6.267,0,0.0346,0.000162,0.171,0.556,0.448,124.983,2
2VbUSxtbvxfZwTs9TXUJaQ,0.433,0.662,1,-6.318,1,0.0617,0.0636,0,0.25,0.412,119.952,2
5fGzPMN2xj7vU01qcJOFRy,0.664,0.82,0,-6.475,1,0.0982,0.361,0.299,0.1,0.129,117.968,2
6utwmLAd4ep8hkQce0eXF3,0.577,0.628,2,-7.154,1,0.0352,0.0761,1.81e-05,0.135,0.301,127.934,2
6qnULXVFGfFqPj0Hpj0tIG,0.672,0.679,2,-6.068,1,0.0294,0.00745,0.0811,0.0532,0.321,123.019,2
0G6rvTge4OQ8DYaOntvqFd,0.662,0.758,4,-7.385,0,0.0511,0.0435,0.000307,0.267,0.531,140.015,2
2REuKIENtXdluRdxVFYG17,0.736,0.852,11,-5.352,0,0.0563,9.25e-05,0.603,0.671,0.657,126.025,2
7JcjnmqKyAtz7MmsKVWXxC,0.663,0.636,5,-6.141,0,0.0459,0.548,0,0.334,0.427,109.953,2
7rZNg1UPwJWyI3nueqyCi9,0.642,0.831,1,-5.014,1,0.34,0.0216,5e-06,0.168,0.691,160.147,2
5H6af60Y0yBIEzjfbAXLBq,0.584,0.637,1,-3.151,1,0.0365,0.0605,0.00315,0.199,0.0659,130.085,2
2oec9pcUszpuHYkGurRulA,0.847,0.878,0,-3.278,0,0.159,0.449,1.14e-06,0.128,0.874,130.027,2
2rLO0WXRwcxJJRYLHzRJpz,0.716,0.73,7,-5.341,1,0.0385,0.0287,7.5e-06,0.107,0.184,120.94,2
37qV9lhTq40KXUoPLXfGZ6,0.809,0.926,9,-8.778,1,0.139,0.021,0.152,0.0775,0.467,127.024,2
5MT2w1BexEAWjJ62OOHE6q,0.61,0.781,2,-5.694,0,0.0379,0.00361,0.135,0.323,0.299,95.003,2
4W3XVLpstX6EkD69APGzZO,0.622,0.878,11,-4.45,0,0.101,0.246,0.00333,0.296,0.456,124.865,2
465IQXJG0CL7TeOnS4Ce1U,0.783,0.712,1,-10.806,0,0.0552,0.0858,0.891,0.113,0.239,131.999,2
4GtsU8mY7yrjwOb0QkCJ6i,0.631,0.75,6,-5.656,1,0.0517,0.228,1.24e-05,0.23,0.516,119.952,2
3QrsKBdtwQcA3gZ8PYKYmb,0.701,0.983,4,-3.517,1,0.0552,0.0399,0.223,0.0866,0.756,126.02,2
6zQ7hO4j8xwJeNszzykebE,0.681,0.916,10,-4.552,1,0.0662,0.197,0.321,0.139,0.59,123.009,2
2UUBvVIN4cCuLKdq7KE0iL,0.833,0.91,11,-6.8,0,0.0473,0.00309,0.0114,0.14,0.468,124.984,2
1ld3ibWlGwo4oBFPb6pmKk,0.809,0.807,4,-6.491,0,0.115,0.0462,0.155,0.676,0.635,126.031,2
5o7J8jj5tlxVDSo6VJtpyA,0.594,0.898,2,-7.433,1,0.0336,0.00137,0.832,0.118,0.039,124.997,2
3lV3VRC8SCvSjY46E3BcMi,0.552,0.796,1,-4.465,0,0.029,0.0277,0.598,0.272,0.356,128.036,2
2NOmxc48ahVxAqXVSV8gnh,0.803,0.559,11,-8.332,1,0.0571,0.00192,0.663,0.261,0.524,123.99,2
7g1DZDQlJml1nwx3RXO5kC,0.476,0.908,6,-5.473,0,0.0387,0.000227,0.791,0.161,0.201,126.975,2
77In9DkbiAuzJ95Ra8iqTo,0.809,0.899,10,-8.962,0,0.135,0.0322,0.75,0.212,0.729,124.977,2
1vKhN4uPpLXW91qQ1Gu0z8,0.572,0.711,9,-6.19,0,0.173,0.000644,4.79e-05,0.258,0.434,160.119,2
38XcmJDV2pjjVcCvdpMpA2,0.817,0.826,6,-4.541,1,0.0486,0.0614,0.103,0.115,0.386,122.084,2
1Gx6oQEiS4h5e7ltUDN1jc,0.58,0.745,8,-4.915,0,0.048,0.383,0,0.25,0.612,150.103,2
3DbvmrRTdEmnH5AzoxMp6m,0.618,0.876,4,-5.681,0,0.0684,0.00443,0.00058,0.47,0.233,135.006,2
3oSCJeOl0XjcpNcigO9vj7,0.612,0.726,1,-5.934,1,0.036,0.0374,2e-06,0.105,0.478,119.964,2
09n07inA9RsJle5882HH6j,0.748,0.683,11,-6.136,0,0.0381,0.205,0.0119,0.206,0.193,114.022,2
07KRbcJp40tUJxzwqt0sR8,0.685,0.761,5,-6.535,0,0.0416,0.123,0,0.0776,0.148,121.988,2
2DZo11WxbA7svfPb0zVJqu,0.596,0.911,2,-3.223,1,0.0617,0.0176,0.0478,0.11,0.0668,126.195,2
4Zd0Bqfka9K3m3Mv1eibaP,0.572,0.799,8,-9.391,0,0.0345,0.265,0.231,0.136,0.539,123.042,2
2Wo6QQD1KMDWeFkkjLqwx5,0.785,0.721,8,-5.457,1,0.0506,0.0149,0.00432,0.285,0.894,121.962,2
51Of5p3lKZeOg6itfs4og4,0.677,0.766,6,-6.896,1,0.0568,0.0219,6.81e-06,0.129,0.198,123.062,2
3H7ihDc1dqLriiWXwsc2po,0.789,0.72,8,-5.652,0,0.218,0.223,0,0.129,0.664,122.031,2
66W1rVTnEv86dIkFhoiElg,0.848,0.768,6,-5.386,0,0.0373,0.0412,0.000785,0.195,0.777,118.961,2
5lXY6PTuWXOludKy4zDQwM,0.771,0.731,7,-6.574,1,0.0409,0.00165,0.633,0.217,0.635,123.026,2
1D2Aldrksl9yWWCIPOeDzy,0.733,0.859,9,-5.03,0,0.033,0.479,0.0645,0.105,0.52,124.948,2
62aP9fBQKYKxi7PDXwcUAS,0.674,0.774,11,-7.567,0,0.0892,0.0686,0.00188,0.393,0.33,112.05,2
2tnVG71enUj33Ic2nFN6kZ,0.88,0.751,7,-4.258,0,0.0874,0.177,6.43e-05,0.106,0.884,117.948,2
525GY0mXYnxajolwgS8Eaz,0.889,0.716,7,-6.146,1,0.0708,0.0595,0.0409,0.168,0.296,128.022,2
1FP9s72rDYty6mfoOEYKnE,0.504,0.76,4,-4.246,1,0.0426,0.286,0,0.151,0.64,183.933,2
1XdMp6v9Q3N80WnKSbGfl4,0.744,0.793,7,-6.02,0,0.0291,0.00851,0.000231,0.363,0.325,116.0,2
5PNvgiKSwMdjBsDsgFCFLX,0.881,0.661,11,-7.681,0,0.0343,0.098,0.0187,0.101,0.965,124.023,2
61ZM92T2zaXIVsqncThQzC,0.57,0.672,8,-5.89,0,0.0723,0.177,0,0.0768,0.448,120.019,2
6iW38RGqdDGOofmz2HeXLW,0.797,0.86,10,-4.38,0,0.0413,0.0312,0.0137,0.334,0.192,124.033,2
0qaWEvPkts34WF68r8Dzx9,0.737,0.828,11,-4.711,1,0.0396,0.0149,0.000583,0.0862,0.517,124.052,2
7tZ8Wyy0w13vRps1DcxZRR,0.883,0.725,6,-4.049,1,0.046,0.0668,0,0.0389,0.906,129.995,2
5itOtNx0WxtJmi1TQ3RuRd,0.807,0.887,1,-4.311,0,0.0361,0.016,0.000503,0.0811,0.606,122.015,2
7tUTCcqkMCnC9qLqbQeI0T,0.773,0.608,3,-6.942,0,0.121,0.278,0,0.381,0.589,125.078,2
4JB0EAT4BkLShTyTt50FmO,0.813,0.615,10,-5.624,0,0.132,0.061,0,0.654,0.321,111.039,2
5LOJdJPzuevskkoAtLj8hb,0.667,0.823,7,-3.797,1,0.0673,0.0607,0,0.0771,0.35,127.903,2
3GYlQmwfBDo7imFyGPhrl7,0.729,0.788,10,-4.832,0,0.0908,0.0703,0,0.115,0.857,118.039,2
0qc4QlcCxVTGyShurEv1UU,0.59,0.642,7,-3.87,1,0.122,0.0771,0,0.105,0.651,107.356,2
4tcPIwy0UvLYjhXLrMyx89,0.898,0.893,1,-7.255,1,0.225,0.207,9.33e-05,0.061,0.653,129.047,2
2ZEq4HT450Ye9IFGPTl9qV,0.697,0.921,5,-4.283,1,0.0424,0.0946,1.9e-05,0.159,0.722,123.988,2
0YU17F0BlVXvmx5ytsR43w,0.83,0.794,8,-6.279,0,0.432,0.0253,0.0248,0.106,0.607,128.16,2
1LnEy9O3sYTeO6KiPHKGHq,0.692,0.728,5,-8.686,0,0.0822,0.0926,4.58e-06,0.125,0.668,136.205,2
1O2gOblgfyostGPbLzqghY,0.872,0.576,2,-7.076,1,0.149,0.0164,0,0.0642,0.305,124.998,2
4dyrqiXUcK29hzrL2elqO3,0.789,0.727,1,-6.772,1,0.126,0.123,9.59e-06,0.222,0.343,104.947,2
4FYbo4yQzu3hGkj2Ix4ucW,0.664,0.66,5,-4.646,1,0.0243,0.512,0,0.26,0.355,99.946,2
7sYAS4CpbV90oSemgaEQat,0.747,0.776,10,-5.898,0,0.0722,0.0233,1.38e-05,0.761,0.67,125.07,2
7sEwsJK7Ol0J6PFV9nioxu,0.679,0.879,5,-3.321,0,0.0556,0.0115,0.0151,0.343,0.325,126.079,2
4KPYXZUCKYLEEcGmKN4Exs,0.684,0.916,8,-5.519,1,0.167,0.0612,0.000341,0.172,0.265,123.937,2
7CHi4DtfK4heMlQaudCuHK,0.598,0.526,10,-8.659,0,0.0415,0.129,0,0.14,0.529,123.935,2
4AqN8IdKCfItCSbuaFch81,0.656,0.89,5,-4.981,0,0.187,0.201,1.99e-06,0.101,0.268,100.037,2
3M9Apu4OZfylLTFKvgEtKa,0.647,0.726,3,-4.389,0,0.0552,0.157,0,0.0844,0.767,114.996,2
5qW3tkBTtvjBSZIBR51yIs,0.879,0.483,1,-5.164,0,0.0519,0.0292,0.000258,0.08,0.433,120.029,2
4x5ymi4akay9Fq5Xm1PW3E,0.746,0.757,5,-6.078,0,0.054,0.491,0.00124,0.0863,0.499,124.992,2
4jp4Z02kzzg8gK0NmDGgml,0.52,0.798,6,-5.498,0,0.0391,0.101,0,0.0932,0.168,101.944,2
0v8OKUrqZGoEbgEUXScRSQ,0.695,0.902,8,-2.719,0,0.0526,0.0422,1.8e-05,0.0934,0.355,125.999,2
4OgwXdylh75fHfwUzJTUqg,0.771,0.826,11,-3.978,1,0.0604,0.142,0.03,0.145,0.185,100.012,2
60BTRjzBJpDUpmlC7NgtBw,0.752,0.781,6,-5.636,0,0.0769,0.00505,1.69e-05,0.163,0.371,125.929,2
3vrm4dNThrhQ0BArrLIUOV,0.712,0.857,1,-4.922,0,0.052,0.0855,9.98e-05,0.0723,0.207,124.963,2
7N06jo3EnV792VFaG8vuW6,0.818,0.823,11,-3.563,0,0.2,0.0663,1.17e-05,0.133,0.52,128.136,2
5dvGLnXYsBUQLAmJHBYgrN,0.641,0.529,6,-11.536,1,0.0288,0.00441,0.000862,0.0809,0.449,121.027,2
3frUvGrmGcay91lvFbOgsN,0.794,0.728,1,-6.759,1,0.114,0.121,8.82e-06,0.227,0.36,105.024,2
0rTV5WefWd1J3OwIheTzxM,0.9,0.4,0,-8.443,1,0.124,0.0501,0,0.0876,0.338,136.001,2
0vrmHPfoBadXVr2n0m1aqZ,0.592,0.873,9,-5.65,1,0.0275,0.0715,0.00982,0.142,0.516,122.011,2
7bIq1v8svANsAys7I694Up,0.71,0.891,0,-3.116,0,0.0749,0.0313,0,0.365,0.705,125.024,2
73ThEGwF5i9GrsXXGyZBRa,0.736,0.657,0,-7.512,1,0.0668,0.179,4.29e-06,0.118,0.548,115.989,2
2gmBdbC3H6qIXoMN1qEyRm,0.732,0.73,6,-5.597,0,0.0534,0.13,0.000918,0.073,0.618,125.009,2
4PZlvOWqPuXyl7OcpkmW2m,0.679,0.764,0,-6.142,1,0.0287,0.00473,0.00151,0.0643,0.386,125.011,2
4F8wogXmIgCXEsi1FK0gH4,0.735,0.65,6,-5.815,0,0.0737,0.161,0.21,0.109,0.122,122.048,2
074x9OaRq8m4Kn3J3Qgavf,0.632,0.868,5,-6.254,1,0.0357,0.0426,0.263,0.307,0.455,122.98,2
0csz09qS2n8Jo7LogHKu7j,0.675,0.92,0,-7.153,0,0.0539,0.0126,0.117,0.329,0.842,132.001,2
4xnaRQjBsHrJY5hmxBlMel,0.616,0.854,11,-4.749,0,0.368,0.12,0,0.322,0.801,113.982,2
0d3VAot2NOkRFhxc98nrKj,0.793,0.595,6,-12.147,1,0.079,0.168,0.903,0.109,0.21,124.979,2
1qnpuN6ktoFWsN3aF8lt6S,0.496,0.831,0,-6.893,1,0.0422,0.00193,0.943,0.114,0.366,133.996,2
2tgVQSkl8n2X8oP8mwe8ll,0.368,0.95,11,-7.928,1,0.0449,0.000651,0.89,0.32,0.223,140.028,2
1Rr4CKqicBmTNxMfnOpIa1,0.177,0.965,11,-6.571,0,0.0553,0.0045,0.914,0.0691,0.626,131.85,2
6b10lRmL2g8TCAT0AdxQAX,0.649,0.927,5,-5.379,0,0.0301,0.00366,0.905,0.113,0.0577,126.002,2
76CdJvCsfHuuXcb4TZyFs5,0.491,0.963,9,-5.864,0,0.0769,0.00839,0.00788,0.327,0.0813,137.996,2
6moWHXg4G0vb3v9Fd4PaD7,0.46,0.886,2,-6.908,0,0.0402,0.00188,0.931,0.712,0.271,139.98,2
7zvpKWuQkY7LuPbjudmHjC,0.519,0.828,0,-5.056,1,0.0945,0.00343,0.00018,0.0752,0.251,128.072,2
70bd4Y7DSIhbMmwMlVUDzO,0.533,0.81,2,-6.262,0,0.0348,0.00321,0.313,0.306,0.0792,126.017,2
2hPZAGWvtFZ7a2Rc8YRS7J,0.412,0.946,6,-5.875,0,0.0392,0.0181,0.959,0.24,0.526,141.985,2
7osqUhivTdGNAan0cbK25z,0.509,0.845,9,-5.557,0,0.0692,0.322,0,0.318,0.0793,126.993,2
0lRfksu6CZrxY8LrsIsHjd,0.631,0.823,8,-8.406,0,0.0699,0.0801,0.463,0.317,0.111,124.002,2
3XH0Wv71pIp1NkYkAazwFL,0.49,0.973,1,-5.107,0,0.092,0.000369,0.183,0.173,0.396,74.984,2
3A6iReI03hTz1tPZXRuniT,0.524,0.997,9,-6.343,0,0.0919,0.0356,0.899,0.13,0.336,138.014,2
6MvApyznuRngWzHhsxZwor,0.478,0.981,10,-4.382,0,0.108,0.0019,0.362,0.477,0.252,137.978,2
0C7DYgQlDZgC2LmKi4zXQ8,0.648,0.46,1,-9.084,1,0.0618,0.153,0.581,0.119,0.0783,128.013,2
6mIce4eaRg6UOFHABNX2xL,0.77,0.693,5,-8.934,0,0.0412,0.0987,0.742,0.121,0.461,125.011,2
5JgW8g5qxWTEFzg50PiUqv,0.57,0.777,11,-5.24,0,0.0775,0.0018,0.000203,0.382,0.142,129.935,2
1DkuDqLlR1l1mmKhxhEt4u,0.61,0.714,7,-8.877,1,0.0592,0.00287,0.0273,0.565,0.137,123.99,2
0mGTCFk9ukzvPkR7ozHDih,0.41,0.977,8,-4.034,1,0.0347,0.000113,0.495,0.402,0.235,139.944,2
5BnZnclZYPTtpBtKVfnKR4,0.393,0.698,9,-4.758,1,0.0576,0.208,2.54e-05,0.0794,0.126,169.774,2
3L8NGBuuTgICHNi34xj7vf,0.664,0.657,6,-8.345,1,0.0444,0.00528,0,0.349,0.161,124.971,2
3Hvn2BRCTgINFcjJ5YoYnP,0.434,0.961,6,-5.608,0,0.0392,0.000121,0.887,0.159,0.0696,132.016,2
6xV61MFGE9P8bc5VWe6QQV,0.546,0.771,10,-6.223,1,0.0525,0.000209,0.00341,0.593,0.213,127.984,2
2yDV2TlLHxGt8Rhrg0pzUO,0.498,0.969,7,-4.154,0,0.0488,0.000269,0.886,0.188,0.119,137.996,2
4nc5ZGMwCQ70PdQH9i6OmU,0.656,0.502,9,-8.775,1,0.0256,0.53,0.0159,0.337,0.0705,103.168,2
2CYWlJDHDWIDpezjsiOJeM,0.563,0.65,6,-5.99,0,0.0413,0.0549,3.99e-06,0.109,0.196,128.015,2
3oQ9LczqpzZFIfkpovyyK3,0.59,0.87,7,-7.587,0,0.0437,0.084,0.332,0.76,0.302,126.03,2
5SQgqiDjmXxN9EwQ5gm43y,0.624,0.737,4,-9.703,0,0.0333,0.0185,0.786,0.224,0.456,130.039,2
6B6jWtgW9ZCocu0alFox1m,0.573,0.894,1,-8.824,1,0.0385,0.00634,0.847,0.12,0.0402,124.019,2
0qJkYnXVlPCdi3lgfhMVtW,0.299,0.932,1,-3.805,0,0.0979,0.00234,0.0178,0.108,0.153,133.302,2
3VJ6jhaDeT3haiYmD6LxuT,0.494,0.897,5,-5.926,0,0.0891,0.00339,0.109,0.292,0.245,128.005,2
78ltw1Aeg4CZiZBeEn5PdJ,0.559,0.943,10,-5.493,1,0.0544,0.104,0.643,0.936,0.0608,130.021,2
0UVyW7hpPqsSzKWbLUE8vL,0.436,0.993,5,-5.723,0,0.0489,0.00236,0.97,0.363,0.756,137.973,2
28M0wmH2oHJTl5goSFGIl8,0.522,0.976,6,-6.535,0,0.0524,0.000618,0.9,0.09,0.0702,127.008,2
384rHgapZfULwwspUb1FwA,0.484,0.836,0,-9.319,0,0.0321,0.000775,0.894,0.407,0.0821,133.997,2
6MuObgPf8gL78nOtrMsGhK,0.529,0.852,0,-4.673,0,0.0341,0.0391,0.00011,0.432,0.11,129.909,2
4pn3z1W34IpLLhzs497KQ2,0.489,0.895,2,-3.22,1,0.0498,0.000636,0.00067,0.647,0.106,127.962,2
0C4RDeGx5pEsPB4e0skgZw,0.45,0.985,8,-7.399,1,0.0601,0.00254,0.895,0.0991,0.333,140.008,2
3b1kfm10MuSvfrc5BZOhw9,0.398,0.776,4,-7.361,0,0.0411,0.122,0.0559,0.12,0.0941,130.041,2
7a9Or2KyTH3hJMoRN8klaL,0.58,0.832,8,-7.41,0,0.0428,0.000655,0.536,0.325,0.51,130.867,2
30ZZhyxpXOGCBBOA1OpKBf,0.205,0.896,6,-6.492,1,0.0422,0.00253,0.0149,0.364,0.188,137.967,2
0JyJGmRNSQH5O19BAKSg56,0.495,0.865,7,-6.028,1,0.0548,0.00297,0.000107,0.699,0.251,131.972,2
0zGXfefNWY4CgxzgpgO0F0,0.666,0.846,9,-5.389,0,0.184,0.0073,0.0159,0.663,0.238,128.007,2
0fhxIOyAoCQIqxFKjZKLqs,0.359,0.788,5,-6.186,1,0.044,0.00239,0.00179,0.121,0.112,150.008,2
55BIh0hxnHPuKVsTLhZnqS,0.552,0.898,1,-7.793,1,0.0416,0.0168,0.822,0.235,0.211,128.0,2
3G3vwHEKvRHnFJfn6vUVeX,0.539,0.982,5,-3.118,0,0.0522,0.0398,0.763,0.317,0.185,126.014,2
6wFnv5oxayOr88V5q7jArL,0.558,0.953,1,-3.061,0,0.0421,0.000619,0,0.348,0.167,130.068,2
1TlFcqw1hBb3VOx5VFTiuV,0.715,0.819,10,-4.703,1,0.0328,0.0229,0.677,0.115,0.331,124.001,2
587w9pOR9UNvFJOwkW7NgD,0.533,0.922,5,-6.601,0,0.039,0.00881,0.824,0.139,0.0657,130.026,2
3OePDv6zr5Ibz0HwERcefQ,0.471,0.954,4,-5.254,0,0.0394,0.00103,0.812,0.114,0.231,125.978,2
53HLHE75vX22JTWitjq1ik,0.267,0.932,3,-6.9,1,0.0621,0.00139,0.918,0.908,0.277,137.997,2
0ZUz23GyWTxYhQjWdRywb1,0.469,0.974,0,-5.092,0,0.0481,0.00313,0.286,0.233,0.214,130.002,2
4AlofiTiubDOvZ6aAifK5v,0.437,0.907,7,-5.282,1,0.0357,0.00099,0.898,0.403,0.1,123.937,2
4qlVS1fB45I2vwu3Xbc2z6,0.582,0.8,1,-8.753,1,0.0342,0.00637,0.897,0.177,0.194,127.956,2
74nXamouGrGIVARKJaSQtO,0.52,0.794,0,-10.636,0,0.0537,0.000489,0.795,0.0914,0.473,138.014,2
7c8vVfnqkbWJS1GPLUMriX,0.52,0.942,1,-6.706,1,0.0775,0.0168,0.834,0.387,0.163,128.061,2
6VDtj5qb44hli5szFgZwRk,0.488,0.999,3,-7.461,1,0.0585,0.000818,0.787,0.0939,0.358,137.985,2
4noGBWrJV6apZAEK19UzJz,0.642,0.795,7,-7.16,0,0.0411,0.000461,0.394,0.169,0.122,130.021,2
0jA4T1QAiFX1jKFNX6DpKw,0.669,0.75,10,-6.597,0,0.126,0.399,0.12,0.524,0.0933,128.111,2
3pC3h8pQjbadljntOeEvi7,0.444,0.945,2,-4.834,0,0.135,0.0403,0.000874,0.762,0.157,135.003,2
3nUKPWRIBigFz3BlS1Z3g6,0.542,0.872,1,-4.781,0,0.069,0.00202,0,0.11,0.225,128.008,2
1kkjK0Oli5hFEtoGnWeEcP,0.583,0.616,7,-11.184,1,0.0417,6.06e-05,0.571,0.101,0.228,134.008,2
5iWofIbyYV4Oaed93Jd5oo,0.487,0.893,6,-3.444,0,0.179,0.00196,0.0646,0.16,0.408,132.07,2
5cVnYm1IDWhHnDSZrWhIAn,0.23,0.738,8,-6.632,0,0.075,0.00155,0.917,0.312,0.0917,131.947,2
2QUQgmpGxTy3EWxYtj3JPD,0.247,0.906,0,-6.398,1,0.0392,0.0159,0.855,0.144,0.093,89.592,2
24I0UzzlxYuJXePShdsTaL,0.489,0.635,4,-4.703,1,0.0371,0.275,0,0.564,0.181,125.841,2
1B67ptXH1xg3OHTMVFW37r,0.567,0.887,1,-5.995,0,0.0297,0.0147,0.0136,0.327,0.159,125.017,2
3QfIkyXsWBVSY6rlboDcwN,0.54,0.99,10,-3.867,0,0.0678,0.00369,0.0133,0.331,0.133,137.992,2
6PIzu2vfSLvgS7yWQciHtd,0.656,0.655,9,-8.558,0,0.0272,0.0289,0.756,0.157,0.209,125.015,2
327jo1Wrp127PRSDttfXF5,0.432,0.933,0,-7.085,1,0.0455,0.000609,0.873,0.328,0.299,129.974,2
5ruzGMgLm1Avc5m9QGuizD,0.468,0.863,1,-4.733,0,0.0393,0.000768,0.00618,0.138,0.113,135.046,2
2Cn42wAQwgQ5qv61UUdKdR,0.744,0.85,0,-6.633,1,0.0401,0.00569,0.111,0.098,0.211,123.992,2
7jzcImgU2sCS2TuVyKvhCX,0.605,0.788,9,-5.858,0,0.0355,0.0229,0.0287,0.114,0.0448,122.993,2
7tqA9XeIDo4VEMaqKqs28g,0.52,0.78,0,-8.782,1,0.0339,0.0816,0.816,0.256,0.231,128.02,2
6m4TBYavg7u3XucxpD2MVK,0.581,0.776,9,-8.019,1,0.048,0.082,0.75,0.121,0.0491,138.004,2
5gBqsnOCMpMI0Oe8uTH7A6,0.463,0.973,9,-6.507,0,0.0526,0.00204,0.906,0.0882,0.301,138.019,2
6BoIsjiyX23IjX5H3athDt,0.604,0.912,6,-8.451,0,0.0498,1.06e-05,0.852,0.496,0.804,140.006,2
4XDqRLi1TxYupv9L1sAgfC,0.57,0.952,7,-7.961,1,0.044,7.55e-05,0.884,0.0729,0.115,135.011,2
1vEZowSqrFbit7x1Gx092r,0.557,0.972,1,-4.44,1,0.0481,0.00406,0.53,0.0803,0.159,140.006,2
5Sc5lxO4ox1wHfIrspiCyl,0.415,0.952,0,-6.84,1,0.0495,0.000397,0.91,0.303,0.353,131.545,2
7wTGQKmQoj7BnjNEvJOyTe,0.44,0.976,2,-4.504,0,0.0957,0.000901,0.00852,0.381,0.23,139.969,2
6QnLtJfGV9lLLuQU59Knfe,0.462,0.973,1,-5.565,1,0.13,0.000852,0.0482,0.0628,0.429,137.923,2
5UssGupTah1D1Iga1gMn45,0.618,0.714,9,-6.234,1,0.0338,0.0321,0.000433,0.0973,0.0766,127.985,2
2knwCp7Mk0GIVH8G8O9hTc,0.374,0.987,9,-6.939,1,0.0498,0.00713,0.685,0.107,0.101,137.977,2
0cjs6us6S9XQPo7eDstDID,0.587,0.88,0,-6.194,0,0.0499,0.00706,0.0127,0.191,0.0786,130.052,2
6TWeVcRgtkUqVNN85Vva5k,0.604,0.981,7,-5.61,1,0.0947,0.000333,0.942,0.125,0.0376,126.019,2
6aqFUZTVS2THRvnxWO9UrW,0.433,0.988,2,-5.242,1,0.0742,0.0102,0.913,0.411,0.166,138.005,2
4nCgPb8HKqGAKx3JhkJJr2,0.486,0.86,6,-6.669,0,0.0308,0.0357,0.0055,0.341,0.604,137.977,2
6RAXqmBTblxeEFmBtNcwtE,0.454,0.966,5,-4.238,0,0.0476,0.00798,0.838,0.335,0.421,138.009,2
2DB5FLEslZhoHLMntn6021,0.524,0.967,7,-4.527,0,0.0681,0.0053,0.16,0.147,0.364,137.99,2
7faFNpxAE54UaUTlpg1RTF,0.742,0.93,0,-5.665,0,0.0717,0.0127,0.906,0.109,0.252,132.98,2
2WZDf9N3eyEbuEjVxpJ2BV,0.502,0.965,6,-5.505,0,0.0701,0.000205,0.0248,0.0584,0.127,135.931,2
5fTSndfVfAcTQYX28s1qMH,0.488,0.911,4,-6.692,1,0.0468,0.0198,0.109,0.0962,0.125,139.967,2
01C1tnLhBPw4MbAow3SeuH,0.191,0.926,9,-3.277,0,0.0728,0.0108,0.959,0.189,0.167,131.971,2
4bGEGY7PwG4UYMX3iYCn4a,0.473,0.854,10,-6.754,1,0.0375,0.000221,0.655,0.116,0.0985,138.074,2
